{"x": -1.18976895226701e-06, "px": -3.35249445899204e-06, "y": 5.88454010437434e-18, "py": -1.89599914130815e-19, "z": -6.93473645282431e-07, "pz": 8.58306885885983e-15, "spin": [0.0, 0.0, 0.0], "field": [0.0, 0.0], "phase": [0.0, 0.0], "s": 994.772814779842, "t": 3.31822194488767e-06, "charge": 0.0, "dt_ref": 0.0, "p0c": 9999999986.94688, "beta": 0.9999999986944, "ix_ele": 1533, "state": "Alive", "direction": 1, "species": "Electron", "location": "Downstream_End", "mode_flip": false, "beta_a": 0.538806211518807, "alpha_a": 0.087490583945889, "gamma_a": 1.87016144345994, "phi_a": 73.0607051385044, "eta_a": -0.0085352610478871, "etap_a": 0.00861148279367965, "beta_b": 0.469397422116035, "alpha_b": 0.503750051354085, "gamma_b": 2.67100766891155, "phi_b": 60.2078250174728, "eta_b": 1.21426273303136e-13, "etap_b": -2.13399172514049e-14, "eta_x": -0.0085352610478871, "etap_x": 0.00861148279367965, "eta_y": 1.39898421343917e-13, "etap_y": -2.45905835991812e-14}