{"x": 8.0408376147291e-07, "px": 3.87133560278954e-06, "y": -4.3933564597091e-07, "py": 3.40842376128988e-08, "z": 7.12995077475416e-07, "pz": 8.58306885885983e-15, "spin": [0.0, 0.0, 0.0], "field": [0.0, 0.0], "phase": [0.0, 0.0], "s": 994.772814779842, "t": 3.3182219401962e-06, "charge": 0.0, "dt_ref": 0.0, "p0c": 9999999986.94688, "beta": 0.9999999986944, "ix_ele": 1533, "state": "Alive", "direction": 1, "species": "Electron", "location": "Downstream_End", "mode_flip": false, "beta_a": 0.475843731185549, "alpha_a": 0.0376433864800916, "gamma_a": 2.10450817971415, "phi_a": 73.0502457144038, "eta_a": 0.00102455700256909, "etap_a": -0.000736229279922686, "beta_b": 0.506197203585018, "alpha_b": 0.00854884375189699, "gamma_b": 1.97565904285271, "phi_b": 60.3993888815728, "eta_b": 0.00668644453333383, "etap_b": 0.0107538341955833, "eta_x": -0.00110613450693001, "etap_x": 0.00138048878908677, "eta_y": 0.00667464727016105, "etap_y": 0.0108245975182747}