{"x": 8.03710372273843e-07, "px": 3.87183673795116e-06, "y": -4.38614709261092e-07, "py": 3.82440909802046e-08, "z": 7.13014984854471e-07, "pz": 8.58306885885983e-15, "spin": [0.0, 0.0, 0.0], "field": [0.0, 0.0], "phase": [0.0, 0.0], "s": 994.772814779842, "t": 3.31822194019613e-06, "charge": 0.0, "dt_ref": 0.0, "p0c": 9999999986.94688, "beta": 0.9999999986944, "ix_ele": 1533, "state": "Alive", "direction": 1, "species": "Electron", "location": "Downstream_End", "mode_flip": false, "beta_a": 0.518099323291178, "alpha_a": -0.0286756472904583, "gamma_a": 1.93171897309167, "phi_a": 73.1357643274081, "eta_a": -0.00123951561012606, "etap_a": 0.000806070473077586, "beta_b": 0.492560628147452, "alpha_b": -0.00220171707227716, "gamma_b": 2.0302167701043, "phi_b": 60.4090020339383, "eta_b": 0.00272151595661829, "etap_b": -0.0116937665073553, "eta_x": 0.000907527168510809, "etap_x": -0.00132210713126828, "eta_y": 0.00277929677019434, "etap_y": -0.0116086792859164}