{"x": -1.18791613121797e-06, "px": -3.35381556475165e-06, "y": 4.55687002012358e-18, "py": -3.78803241266124e-19, "z": -6.93394330294414e-07, "pz": 8.58306885885983e-15, "spin": [0.0, 0.0, 0.0], "field": [0.0, 0.0], "phase": [0.0, 0.0], "s": 994.772814779842, "t": 3.31822194488741e-06, "charge": 0.0, "dt_ref": 0.0, "p0c": 9999999986.94688, "beta": 0.9999999986944, "ix_ele": 1533, "state": "Alive", "direction": 1, "species": "Electron", "location": "Downstream_End", "mode_flip": false, "beta_a": 0.748033781491338, "alpha_a": -0.180360857046922, "gamma_a": 1.38032541350762, "phi_a": 73.3921666688466, "eta_a": 0.000781469805870283, "etap_a": 0.00195185248737371, "beta_b": 0.560033481200784, "alpha_b": -0.112327695258361, "gamma_b": 1.80813745090896, "phi_b": 60.1960956921239, "eta_b": 1.21360341574885e-13, "etap_b": -2.13330360709009e-14, "eta_x": 0.000781469805870283, "etap_x": 0.00195185248737371, "eta_y": 1.17590568511509e-13, "etap_y": -2.06696832498977e-14}