{"x": 7.49508905156177e-06, "px": -5.10955653897432e-06, "y": -3.605091091074e-10, "py": -2.07992310789419e-09, "z": 3.55403005977031e-07, "pz": 8.58306885885983e-15, "spin": [0.0, 0.0, 0.0], "field": [0.0, 0.0], "phase": [0.0, 0.0], "s": 994.772814779842, "t": 3.318221941389e-06, "charge": 0.0, "dt_ref": 0.0, "p0c": 9999999986.94688, "beta": 0.9999999986944, "ix_ele": 1533, "state": "Alive", "direction": 1, "species": "Electron", "location": "Downstream_End", "mode_flip": false, "beta_a": 0.495672945025401, "alpha_a": 0.00359062147560574, "gamma_a": 2.01748532494816, "phi_a": 73.0936240396489, "eta_a": 2.79669216852906e-06, "etap_a": 5.87409881593894e-05, "beta_b": 0.499368996567933, "alpha_b": 0.00320140898167519, "gamma_b": 2.00254772701619, "phi_b": 60.4041675884942, "eta_b": 0.00194540755177391, "etap_b": 0.0112022950119293, "eta_x": 2.80120919208733e-06, "etap_x": 5.8728602800442e-05, "eta_y": 0.00194789512134503, "etap_y": 0.0112166190995481}