{"x": 6.69044134370084e-06, "px": -8.98013782718335e-06, "y": 1.37425160440316e-17, "py": -3.0418531300895e-19, "z": -3.57935324695832e-07, "pz": 8.58306885885983e-15, "spin": [0.0, 0.0, 0.0], "field": [0.0, 0.0], "phase": [0.0, 0.0], "s": 994.772814779842, "t": 3.31822194376844e-06, "charge": 0.0, "dt_ref": 0.0, "p0c": 9999999986.94688, "beta": 0.9999999986944, "ix_ele": 1533, "state": "Alive", "direction": 1, "species": "Electron", "location": "Downstream_End", "mode_flip": false, "beta_a": 0.615940282072472, "alpha_a": -0.0602113429737861, "gamma_a": 1.62941998605089, "phi_a": 73.2347009286295, "eta_a": -0.00386982607813842, "etap_a": 0.0053531259277899, "beta_b": 0.513775191519544, "alpha_b": 0.213614197543686, "gamma_b": 2.03519173882193, "phi_b": 60.1975396612122, "eta_b": -1.53815692034205e-13, "etap_b": 2.71363996597152e-14, "eta_x": -0.00386982607813842, "etap_x": 0.0053531259277899, "eta_y": -1.59315336738088e-13, "etap_y": 2.81040710824545e-14}