{"x": -2.66296710856758e-07, "px": 1.48310199722746e-05, "y": 1.10615461837992e-17, "py": -6.78597414122317e-19, "z": 2.16825227218027e-06, "pz": 8.58306885885983e-15, "spin": [0.0, 0.0, 0.0], "field": [0.0, 0.0], "phase": [0.0, 0.0], "s": 994.772814779842, "t": 3.31822193534198e-06, "charge": 0.0, "dt_ref": 0.0, "p0c": 9999999986.94688, "beta": 0.9999999986944, "ix_ele": 1533, "state": "Alive", "direction": 1, "species": "Electron", "location": "Downstream_End", "mode_flip": false, "beta_a": 0.375754286053787, "alpha_a": -0.16505717280698, "gamma_a": 2.73381810513264, "phi_a": 73.1342623893335, "eta_a": 0.0213228905589026, "etap_a": -0.020666296646879, "beta_b": 0.548228970206575, "alpha_b": -0.16000187026777, "gamma_b": 1.87075228458418, "phi_b": 60.4547875167059, "eta_b": -2.67592292933616e-13, "etap_b": 4.71483897371862e-14, "eta_x": 0.0213228905589026, "etap_x": -0.020666296646879, "eta_y": -1.58700066255067e-13, "etap_y": 2.7987397227159e-14}