{"x": 4.93657411683945e-06, "px": 7.53974980105746e-06, "y": 2.96038019727249e-17, "py": -6.05564924197142e-18, "z": 1.85176874058138e-06, "pz": 8.58306885885983e-15, "spin": [0.0, 0.0, 0.0], "field": [0.0, 0.0], "phase": [0.0, 0.0], "s": 994.772814779842, "t": 3.31822193639766e-06, "charge": 0.0, "dt_ref": 0.0, "p0c": 9999999986.94688, "beta": 0.9999999986944, "ix_ele": 1533, "state": "Alive", "direction": 1, "species": "Electron", "location": "Downstream_End", "mode_flip": false, "beta_a": 1.37498702493195, "alpha_a": -0.173053538587181, "gamma_a": 0.749059815505183, "phi_a": 73.6555472606485, "eta_a": 0.00296247049491135, "etap_a": 0.00520604151600401, "beta_b": 0.50993507229212, "alpha_b": -0.0293517352801424, "gamma_b": 1.96272344999758, "phi_b": 60.3212712179923, "eta_b": -3.81153514601705e-13, "etap_b": 6.72865182214894e-14, "eta_x": 0.00296247049491135, "etap_x": 0.00520604151600401, "eta_y": -3.39298965695315e-13, "etap_y": 5.99214310633211e-14}