{"x": -2.45745973434355e-06, "px": -1.10202839584362e-05, "y": -1.14659066206233e-06, "py": 3.97327710997091e-07, "z": -2.01325432987303e-06, "pz": 8.58306885885983e-15, "spin": [0.0, 0.0, 0.0], "field": [0.0, 0.0], "phase": [0.0, 0.0], "s": 994.772814779842, "t": 3.31822194928999e-06, "charge": 0.0, "dt_ref": 0.0, "p0c": 9999999986.94688, "beta": 0.9999999986944, "ix_ele": 1533, "state": "Alive", "direction": 1, "species": "Electron", "location": "Downstream_End", "mode_flip": false, "beta_a": 0.531478704366993, "alpha_a": -0.033873342198716, "gamma_a": 1.88370182113714, "phi_a": 73.150607328711, "eta_a": -0.000874670551926336, "etap_a": 0.000592582861176945, "beta_b": 0.494983046399966, "alpha_b": -0.0152496429202203, "gamma_b": 2.02074103120083, "phi_b": 60.4240481891581, "eta_b": -0.00313098783522654, "etap_b": 0.0136356277448738, "eta_x": 0.001265029274531, "etap_x": -0.0015290074426116, "eta_y": -0.00315724910744082, "etap_y": 0.0135622789499184}