{"x": 1.87964578154988e-05, "px": -1.19009783389199e-05, "y": 1.29235084493981e-16, "py": -2.27419667011786e-17, "z": 1.00289813482079e-06, "pz": 8.58306885885983e-15, "spin": [0.0, 0.0, 0.0], "field": [0.0, 0.0], "phase": [0.0, 0.0], "s": 994.772814779842, "t": 3.31822193922919e-06, "charge": 0.0, "dt_ref": 0.0, "p0c": 9999999986.94688, "beta": 0.9999999986944, "ix_ele": 1533, "state": "Alive", "direction": 1, "species": "Electron", "location": "Downstream_End", "mode_flip": false, "beta_a": 0.748938475940359, "alpha_a": -0.345613446675519, "gamma_a": 1.49471377220587, "phi_a": 73.4780867560331, "eta_a": 0.0124249005110823, "etap_a": -0.00768278074987118, "beta_b": 0.526728852390229, "alpha_b": -0.0966680294646315, "gamma_b": 1.91625103379148, "phi_b": 60.3903753733219, "eta_b": -6.86230380929342e-13, "etap_b": 1.21697553142729e-13, "eta_x": 0.0124249005110823, "etap_x": -0.00768278074987118, "eta_y": -5.13569472659232e-13, "etap_y": 9.13152342799078e-14}