{"x": -1.89285350542029e-05, "px": 1.20791021188016e-05, "y": 2.01142492803601e-09, "py": 1.53488384569622e-08, "z": -1.00692126571812e-06, "pz": 8.58306885885983e-15, "spin": [0.0, 0.0, 0.0], "field": [0.0, 0.0], "phase": [0.0, 0.0], "s": 994.772814779842, "t": 3.31822194593322e-06, "charge": 0.0, "dt_ref": 0.0, "p0c": 9999999986.94688, "beta": 0.9999999986944, "ix_ele": 1533, "state": "Alive", "direction": 1, "species": "Electron", "location": "Downstream_End", "mode_flip": false, "beta_a": 0.511363094249467, "alpha_a": -0.00705149928307663, "gamma_a": 1.95565486615713, "phi_a": 73.115440867543, "eta_a": -2.48100274214261e-05, "etap_a": -0.00016429773962757, "beta_b": 0.501385242508035, "alpha_b": -0.00806474547588447, "gamma_b": 1.99460405957912, "phi_b": 60.4191340250675, "eta_b": 0.00167297183794637, "etap_b": 0.0120061906291443, "eta_x": -2.44668267417857e-05, "etap_x": -0.000164605535020317, "eta_y": 0.00166728572786314, "etap_y": 0.0119654221615931}