{"x": -1.64470145310632e-05, "px": 2.30661238534487e-05, "y": 2.02411394772436e-17, "py": -4.83008770183655e-18, "z": 1.0020062085391e-06, "pz": 8.58306885885983e-15, "spin": [0.0, 0.0, 0.0], "field": [0.0, 0.0], "phase": [0.0, 0.0], "s": 994.772814779842, "t": 3.31822193923216e-06, "charge": 0.0, "dt_ref": 0.0, "p0c": 9999999986.94688, "beta": 0.9999999986944, "ix_ele": 1533, "state": "Alive", "direction": 1, "species": "Electron", "location": "Downstream_End", "mode_flip": false, "beta_a": 0.847232998488239, "alpha_a": -0.0482449060278436, "gamma_a": 1.18306011775526, "phi_a": 73.3794101981459, "eta_a": -0.0112108720768129, "etap_a": 0.0152609821468454, "beta_b": 0.490759109004336, "alpha_b": 0.0704592491590274, "gamma_b": 2.04777555292035, "phi_b": 60.3360127374756, "eta_b": 3.55024701914594e-13, "etap_b": -6.23209639470533e-14, "eta_x": -0.0112108720768129, "etap_x": 0.0152609821468454, "eta_y": 3.91870561285569e-13, "etap_y": -6.88049302369411e-14}