{"PDrive_median_x": -8.076051077581684e-06, "PDrive_median_y": -1.2989233197463564e-05, "PDrive_median_xp": -1.9508438123188526e-05, "PDrive_median_yp": -8.526250060072671e-05, "PDrive_sigmaSI90_x": 2.1354211979664205e-05, "PDrive_sigmaSI90_y": 3.099477523507078e-05, "PDrive_sigmaSI90_z": 2.0211772209370053e-05, "PDrive_sigmaSI90_xp": 0.0001369588271468538, "PDrive_sigmaSI90_yp": 4.401590672047589e-05, "PDrive_emitSI90_x": 5.738359306585298e-05, "PDrive_emitSI90_y": 1.5956990288546943e-05, "PDrive_norm_emit_x": 8.47836812715654e-05, "PDrive_norm_emit_y": 1.9825110342852105e-05, "PDrive_charge_nC": 1.6000000000000012, "lostChargeFraction": 0.0, "alpha_x": 0.4603750812162295, "beta_x": 0.2853617264231526, "gamma_x": 4.247048931879884, "emit_x": 1.310088909624559e-09, "eta_x": -0.00012581459017382908, "etap_x": 0.009914122010595133, "norm_emit_x": 2.5232171845114468e-05, "alpha_y": -0.5505303539402392, "beta_y": 0.43150870742644465, "gamma_y": 3.0198316932728178, "emit_y": 2.4639725081052843e-10, "eta_y": 0.002535065818754889, "etap_y": 0.002852162624396452, "norm_emit_y": 4.739877233310499e-06}