{"PDrive_median_x": -2.9269268392986466e-05, "PDrive_median_y": 7.784222032192765e-06, "PDrive_median_xp": -2.820757560954017e-05, "PDrive_median_yp": -3.447874236223032e-05, "PDrive_sigmaSI90_x": 2.7994105182392476e-05, "PDrive_sigmaSI90_y": 1.311968465005883e-05, "PDrive_sigmaSI90_z": 1.9793696204747656e-05, "PDrive_sigmaSI90_xp": 0.00014133582653881184, "PDrive_sigmaSI90_yp": 3.550005302752974e-05, "PDrive_emitSI90_x": 7.554267996563702e-05, "PDrive_emitSI90_y": 8.721071029891465e-06, "PDrive_norm_emit_x": 0.00010010122928329954, "PDrive_norm_emit_y": 1.0805611521655627e-05, "PDrive_charge_nC": 1.6000000000000012, "lostChargeFraction": 0.0, "alpha_x": 0.36179892424154414, "beta_x": 0.2816511231881252, "gamma_x": 4.01524570106887, "emit_x": 1.4008640346968337e-09, "eta_x": 0.001314616245643291, "etap_x": 0.010437209994259993, "norm_emit_x": 2.6981535898551275e-05, "alpha_y": -0.5403143420923919, "beta_y": 0.4492059137799707, "gamma_y": 2.876052047933523, "emit_y": 2.2823040658184705e-10, "eta_y": 0.00016894783604442588, "etap_y": -0.001489189008490769, "norm_emit_y": 4.386983158233122e-06}