{"PDrive_median_x": -2.364164244807037e-05, "PDrive_median_y": -1.0722187338922853e-05, "PDrive_median_xp": -5.095523791614984e-07, "PDrive_median_yp": -9.391482766063008e-05, "PDrive_sigmaSI90_x": 2.4052985867112098e-05, "PDrive_sigmaSI90_y": 2.7451217901857106e-05, "PDrive_sigmaSI90_z": 2.0219451039036412e-05, "PDrive_sigmaSI90_xp": 0.00012856099285874612, "PDrive_sigmaSI90_yp": 3.914744404734916e-05, "PDrive_emitSI90_x": 6.083175371555465e-05, "PDrive_emitSI90_y": 1.384317394080496e-05, "PDrive_norm_emit_x": 8.601528502248304e-05, "PDrive_norm_emit_y": 1.7186740586041505e-05, "PDrive_charge_nC": 1.6000000000000012, "lostChargeFraction": 0.0, "alpha_x": 0.4866952623773642, "beta_x": 0.29565854269345965, "gamma_x": 4.183448471174287, "emit_x": 1.3395990298678377e-09, "eta_x": 0.0007255955115363845, "etap_x": 0.00865151215362104, "norm_emit_x": 2.5800433912960938e-05, "alpha_y": -0.4979712292571407, "beta_y": 0.4328644484308313, "gamma_y": 2.8830626994013486, "emit_y": 2.4767248777187255e-10, "eta_y": 0.00213321891228825, "etap_y": 0.0022989265815204093, "norm_emit_y": 4.764592410419972e-06}