{"PDrive_median_x": -1.285226811017033e-05, "PDrive_median_y": 5.932107914048935e-06, "PDrive_median_xp": 6.750511948001858e-07, "PDrive_median_yp": -8.90162656683983e-05, "PDrive_sigmaSI90_x": 2.2076849375388576e-05, "PDrive_sigmaSI90_y": 2.144650376349777e-05, "PDrive_sigmaSI90_z": 2.0708429052003184e-05, "PDrive_sigmaSI90_xp": 0.00012606436744636045, "PDrive_sigmaSI90_yp": 4.254397755752985e-05, "PDrive_emitSI90_x": 5.499634141279264e-05, "PDrive_emitSI90_y": 1.0969166589310054e-05, "PDrive_norm_emit_x": 7.998165755154126e-05, "PDrive_norm_emit_y": 1.3982007206248957e-05, "PDrive_charge_nC": 1.6000000000000012, "lostChargeFraction": 0.0, "alpha_x": 0.5153652849031449, "beta_x": 0.2939313659098725, "gamma_x": 4.305771767383846, "emit_x": 1.300864245287018e-09, "eta_x": 0.0002311437614686417, "etap_x": 0.008407269087919321, "norm_emit_x": 2.5051976589108072e-05, "alpha_y": -0.5897309020348643, "beta_y": 0.45097161728627605, "gamma_y": 2.988619427814865, "emit_y": 2.571528766239313e-10, "eta_y": 0.0015552198599367846, "etap_y": 0.0029250991082238166, "norm_emit_y": 4.944547101731923e-06}