{"PDrive_median_x": 4.053891295828677e-05, "PDrive_median_y": 7.700545529781388e-06, "PDrive_median_xp": -4.388348118286058e-05, "PDrive_median_yp": -3.804771021751083e-05, "PDrive_sigmaSI90_x": 3.2011178315345246e-05, "PDrive_sigmaSI90_y": 1.3640586552851779e-05, "PDrive_sigmaSI90_z": 2.0926977718165973e-05, "PDrive_sigmaSI90_xp": 0.00014725422394225348, "PDrive_sigmaSI90_yp": 3.409149213734872e-05, "PDrive_emitSI90_x": 6.275158502715024e-05, "PDrive_emitSI90_y": 8.79690976574744e-06, "PDrive_norm_emit_x": 9.109480516185699e-05, "PDrive_norm_emit_y": 1.0786440768763544e-05, "PDrive_charge_nC": 1.6000000000000012, "lostChargeFraction": 0.0, "alpha_x": 0.4457877501997077, "beta_x": 0.25369362414760777, "gamma_x": 4.725095958780012, "emit_x": 1.2200918578037299e-09, "eta_x": -0.002349586482291495, "etap_x": 0.012057465877105785, "norm_emit_x": 2.349631565610879e-05, "alpha_y": -0.5399573724969602, "beta_y": 0.41576960066915764, "gamma_y": 3.1064175015083793, "emit_y": 2.2300604521834277e-10, "eta_y": 0.0004305824651684515, "etap_y": -0.0011834829661466015, "norm_emit_y": 4.286282888972016e-06}