{"PDrive_median_x": -2.0119976761255972e-05, "PDrive_median_y": 1.0552473469110623e-07, "PDrive_median_xp": 2.8534935119363584e-05, "PDrive_median_yp": -6.494352610113716e-05, "PDrive_sigmaSI90_x": 2.1632383038949363e-05, "PDrive_sigmaSI90_y": 2.0029343994291308e-05, "PDrive_sigmaSI90_z": 2.1421569907044646e-05, "PDrive_sigmaSI90_xp": 0.00011835069897317418, "PDrive_sigmaSI90_yp": 2.9390048183904578e-05, "PDrive_emitSI90_x": 4.676876159349586e-05, "PDrive_emitSI90_y": 1.0132659684265937e-05, "PDrive_norm_emit_x": 7.160017322800546e-05, "PDrive_norm_emit_y": 1.312762716648124e-05, "PDrive_charge_nC": 1.6000000000000012, "lostChargeFraction": 0.0, "alpha_x": 0.7005107033790883, "beta_x": 0.3388238602390035, "gamma_x": 4.399676116366559, "emit_x": 1.2653068207414317e-09, "eta_x": -3.42106224441768e-05, "etap_x": 0.007032850305059441, "norm_emit_x": 2.4368097740246833e-05, "alpha_y": -0.57254225374245, "beta_y": 0.4253317702542991, "gamma_y": 3.1218091973863387, "emit_y": 2.4017111838393696e-10, "eta_y": 0.001268744330607948, "etap_y": 0.0005720601269619828, "norm_emit_y": 4.618676399960746e-06}