{"PDrive_median_x": -6.517757911070254e-05, "PDrive_median_y": -9.241733771763215e-06, "PDrive_median_xp": 2.5274841860076864e-05, "PDrive_median_yp": -7.578825451277757e-05, "PDrive_sigmaSI90_x": 3.542106316800646e-05, "PDrive_sigmaSI90_y": 2.685239921471044e-05, "PDrive_sigmaSI90_z": 1.9939077079244612e-05, "PDrive_sigmaSI90_xp": 0.0001182576339942379, "PDrive_sigmaSI90_yp": 3.30908894637194e-05, "PDrive_emitSI90_x": 8.044161591702569e-05, "PDrive_emitSI90_y": 1.2754404065461913e-05, "PDrive_norm_emit_x": 0.00010214749523042513, "PDrive_norm_emit_y": 1.6576180804466713e-05, "PDrive_charge_nC": 1.6000000000000012, "lostChargeFraction": 0.0, "alpha_x": 0.5473422979135403, "beta_x": 0.33041069544150503, "gamma_x": 3.9332370562300683, "emit_x": 1.526225892342309e-09, "eta_x": 0.0025558683704020664, "etap_x": 0.007040215756739754, "norm_emit_x": 2.93958626698693e-05, "alpha_y": -0.5644028449241959, "beta_y": 0.46500697669392205, "gamma_y": 2.835550082996766, "emit_y": 2.4427290749120583e-10, "eta_y": 0.0020143639085939296, "etap_y": 0.0014453149062608178, "norm_emit_y": 4.6990657566088374e-06}