{"PDrive_median_x": 9.742878860681361e-06, "PDrive_median_y": 1.2295033200383505e-05, "PDrive_median_xp": -9.567390202547853e-06, "PDrive_median_yp": -7.964365445957565e-05, "PDrive_sigmaSI90_x": 2.2699685951031173e-05, "PDrive_sigmaSI90_y": 1.6004804476839028e-05, "PDrive_sigmaSI90_z": 2.1174950810580837e-05, "PDrive_sigmaSI90_xp": 0.00013023976693327975, "PDrive_sigmaSI90_yp": 3.4898250209577e-05, "PDrive_emitSI90_x": 4.957733325885671e-05, "PDrive_emitSI90_y": 8.213852932044917e-06, "PDrive_norm_emit_x": 7.574888809385068e-05, "PDrive_norm_emit_y": 1.0564918636225947e-05, "PDrive_charge_nC": 1.6000000000000012, "lostChargeFraction": 0.0, "alpha_x": 0.6192205371365385, "beta_x": 0.2944940775492963, "gamma_x": 4.697663481467078, "emit_x": 1.1741947475320896e-09, "eta_x": -0.0009857982963658895, "etap_x": 0.009405048322878098, "norm_emit_x": 2.261194002686599e-05, "alpha_y": -0.6070783335062417, "beta_y": 0.41471286748346625, "gamma_y": 3.299979842239346, "emit_y": 2.396484811160128e-10, "eta_y": 0.0009199120430852318, "etap_y": 0.0018809396744937862, "norm_emit_y": 4.607326075802158e-06}