{"PDrive_median_x": 2.609603005540158e-06, "PDrive_median_y": -4.661518531951526e-08, "PDrive_median_xp": 6.242026158720872e-06, "PDrive_median_yp": -7.009830341366867e-05, "PDrive_sigmaSI90_x": 2.3945256203285745e-05, "PDrive_sigmaSI90_y": 2.0561008347311437e-05, "PDrive_sigmaSI90_z": 2.146827927696313e-05, "PDrive_sigmaSI90_xp": 0.00012693050298149815, "PDrive_sigmaSI90_yp": 3.1760326630438063e-05, "PDrive_emitSI90_x": 4.9966722488554696e-05, "PDrive_emitSI90_y": 1.0724996838590228e-05, "PDrive_norm_emit_x": 7.289964031623896e-05, "PDrive_norm_emit_y": 1.3828592027128456e-05, "PDrive_charge_nC": 1.6000000000000012, "lostChargeFraction": 0.0, "alpha_x": 0.722260550822946, "beta_x": 0.3274557964165002, "gamma_x": 4.646918209808151, "emit_x": 1.1755857634957757e-09, "eta_x": -0.001194071833082311, "etap_x": 0.008764171790783516, "norm_emit_x": 2.2640750021510817e-05, "alpha_y": -0.5938878618292645, "beta_y": 0.4105340204794622, "gamma_y": 3.294983423903129, "emit_y": 2.4696691993996774e-10, "eta_y": 0.0013677204289521169, "etap_y": 0.000970464100137908, "norm_emit_y": 4.749263990518542e-06}