{"PDrive_median_x": -5.212591386228433e-05, "PDrive_median_y": -7.107896896115449e-06, "PDrive_median_xp": 3.7741856458792796e-06, "PDrive_median_yp": -2.0785673573176275e-05, "PDrive_sigmaSI90_x": 3.142516932806186e-05, "PDrive_sigmaSI90_y": 1.9198101607763444e-05, "PDrive_sigmaSI90_z": 1.970466685852291e-05, "PDrive_sigmaSI90_xp": 0.0001306128863115593, "PDrive_sigmaSI90_yp": 3.846559594619084e-05, "PDrive_emitSI90_x": 7.614965607848885e-05, "PDrive_emitSI90_y": 1.347169856443829e-05, "PDrive_norm_emit_x": 0.00010138834207106078, "PDrive_norm_emit_y": 1.5802868888602742e-05, "PDrive_charge_nC": 1.6000000000000012, "lostChargeFraction": 0.0, "alpha_x": 0.4650636025863071, "beta_x": 0.30645234975544583, "gamma_x": 3.968917697714407, "emit_x": 1.472812448762703e-09, "eta_x": 0.00193676755406349, "etap_x": 0.00897841423346883, "norm_emit_x": 2.8368115362012322e-05, "alpha_y": -0.44283665608194733, "beta_y": 0.4767951772329889, "gamma_y": 2.508633394555829, "emit_y": 2.4604640967020756e-10, "eta_y": 0.0009614787325922616, "etap_y": -0.0021328126930064586, "norm_emit_y": 4.731970483102513e-06}