{"PDrive_median_x": -1.9398743406635838e-05, "PDrive_median_y": 8.396886469105395e-06, "PDrive_median_xp": -2.9907845432801928e-05, "PDrive_median_yp": -4.343198550621079e-05, "PDrive_sigmaSI90_x": 2.5504308703742492e-05, "PDrive_sigmaSI90_y": 1.4978929680387149e-05, "PDrive_sigmaSI90_z": 1.982478468442073e-05, "PDrive_sigmaSI90_xp": 0.0001403877305474726, "PDrive_sigmaSI90_yp": 2.8499262904254068e-05, "PDrive_emitSI90_x": 7.014616059080536e-05, "PDrive_emitSI90_y": 7.967091871472584e-06, "PDrive_norm_emit_x": 9.521631332341502e-05, "PDrive_norm_emit_y": 1.0183790398317865e-05, "PDrive_charge_nC": 1.6000000000000012, "lostChargeFraction": 0.0, "alpha_x": 0.34706603666838737, "beta_x": 0.27454480874835274, "gamma_x": 4.081136477928122, "emit_x": 1.366261621161531e-09, "eta_x": 0.0008879914940272499, "etap_x": 0.01041946976966895, "norm_emit_x": 2.6313277221416514e-05, "alpha_y": -0.6174360687345165, "beta_y": 0.47334796553416864, "gamma_y": 2.9179956386115085, "emit_y": 2.1733688326785417e-10, "eta_y": 0.0005827671902410116, "etap_y": -0.00038388620061641915, "norm_emit_y": 4.177316016817201e-06}