{"PDrive_median_x": -3.824406785893199e-05, "PDrive_median_y": 2.6235089281297574e-05, "PDrive_median_xp": 1.5701226940534037e-05, "PDrive_median_yp": -1.633286635752333e-05, "PDrive_sigmaSI90_x": 2.662981831345359e-05, "PDrive_sigmaSI90_y": 1.3894294949258826e-05, "PDrive_sigmaSI90_z": 2.0337671646360553e-05, "PDrive_sigmaSI90_xp": 0.0001223604922517269, "PDrive_sigmaSI90_yp": 4.210686243306162e-05, "PDrive_emitSI90_x": 6.436710810376578e-05, "PDrive_emitSI90_y": 8.667922976008082e-06, "PDrive_norm_emit_x": 8.872683015611258e-05, "PDrive_norm_emit_y": 1.1702006693127041e-05, "PDrive_charge_nC": 1.6000000000000012, "lostChargeFraction": 0.0, "alpha_x": 0.557019755856575, "beta_x": 0.3156800810132796, "gamma_x": 4.150629346675186, "emit_x": 1.3996146166512139e-09, "eta_x": 0.0013020673539045956, "etap_x": 0.007676229033547638, "norm_emit_x": 2.695659884276034e-05, "alpha_y": -0.46106180971040134, "beta_y": 0.3913614277921967, "gamma_y": 3.0983584642308686, "emit_y": 2.650620601781379e-10, "eta_y": -0.0006222817767020919, "etap_y": -0.002078980245995314, "norm_emit_y": 5.100076044626301e-06}