{"PDrive_median_x": -5.443646643408094e-05, "PDrive_median_y": 1.1891317866904664e-05, "PDrive_median_xp": 5.6662817921346884e-05, "PDrive_median_yp": -3.893717830466402e-05, "PDrive_sigmaSI90_x": 2.9164482421861912e-05, "PDrive_sigmaSI90_y": 1.4247507852652336e-05, "PDrive_sigmaSI90_z": 2.1283839040554444e-05, "PDrive_sigmaSI90_xp": 0.00010874873887221017, "PDrive_sigmaSI90_yp": 3.1010035528832016e-05, "PDrive_emitSI90_x": 6.210147532420883e-05, "PDrive_emitSI90_y": 8.348709199836968e-06, "PDrive_norm_emit_x": 8.431299500266052e-05, "PDrive_norm_emit_y": 1.0350551546214444e-05, "PDrive_charge_nC": 1.6000000000000012, "lostChargeFraction": 0.0, "alpha_x": 0.7085637631181801, "beta_x": 0.36642054880676606, "gamma_x": 4.099285946968869, "emit_x": 1.4697387462645292e-09, "eta_x": 0.0018079941178529891, "etap_x": 0.005158446667589466, "norm_emit_x": 2.830410982084427e-05, "alpha_y": -0.5736580548935305, "beta_y": 0.45407243284399035, "gamma_y": 2.9270298476826357, "emit_y": 2.21768117089493e-10, "eta_y": 0.00045247257233019104, "etap_y": -0.0008306452544361149, "norm_emit_y": 4.26236869467266e-06}