{"PDrive_median_x": -3.243456270239025e-05, "PDrive_median_y": -2.530588308034699e-05, "PDrive_median_xp": -1.1379708271822191e-05, "PDrive_median_yp": -6.372428456413428e-05, "PDrive_sigmaSI90_x": 2.6546576408179897e-05, "PDrive_sigmaSI90_y": 3.2694006783492465e-05, "PDrive_sigmaSI90_z": 1.9787477154125922e-05, "PDrive_sigmaSI90_xp": 0.00013531028359246955, "PDrive_sigmaSI90_yp": 2.954209925386651e-05, "PDrive_emitSI90_x": 6.987255360995306e-05, "PDrive_emitSI90_y": 1.5917952717447004e-05, "PDrive_norm_emit_x": 9.506799495525064e-05, "PDrive_norm_emit_y": 2.0731986561678443e-05, "PDrive_charge_nC": 1.6000000000000012, "lostChargeFraction": 0.0, "alpha_x": 0.4288837441274718, "beta_x": 0.2915342857849246, "gamma_x": 4.0610704253503656, "emit_x": 1.3871643434133526e-09, "eta_x": 0.0011920800133136957, "etap_x": 0.009571032871493074, "norm_emit_x": 2.671849204245716e-05, "alpha_y": -0.4767498179448685, "beta_y": 0.46263192375897555, "gamma_y": 2.652844142138936, "emit_y": 2.519775713339076e-10, "eta_y": 0.002595700488897668, "etap_y": 0.0006612407534003723, "norm_emit_y": 4.849513737253979e-06}