{"PDrive_median_x": -4.819502710988566e-05, "PDrive_median_y": 1.6299194560168633e-07, "PDrive_median_xp": -2.691008998034443e-05, "PDrive_median_yp": -4.970971079253382e-05, "PDrive_sigmaSI90_x": 3.783578316227731e-05, "PDrive_sigmaSI90_y": 1.968047288288879e-05, "PDrive_sigmaSI90_z": 1.9756563470561072e-05, "PDrive_sigmaSI90_xp": 0.0001388827319848, "PDrive_sigmaSI90_yp": 2.659581825353872e-05, "PDrive_emitSI90_x": 9.21520716479123e-05, "PDrive_emitSI90_y": 9.261355795520836e-06, "PDrive_norm_emit_x": 0.00011187102170499112, "PDrive_norm_emit_y": 1.2048713345555437e-05, "PDrive_charge_nC": 1.6000000000000012, "lostChargeFraction": 0.0, "alpha_x": 0.3210449141776361, "beta_x": 0.2869914899342407, "gamma_x": 3.843562877673048, "emit_x": 1.4405999899538302e-09, "eta_x": 0.002472703416209347, "etap_x": 0.010167765962151862, "norm_emit_x": 2.7747009987730007e-05, "alpha_y": -0.5522642473176096, "beta_y": 0.4888040875797365, "gamma_y": 2.6697726799439003, "emit_y": 2.2705412897453926e-10, "eta_y": 0.0011290752254464328, "etap_y": 0.0002253133768574119, "norm_emit_y": 4.366364917452281e-06}