{"PDrive_median_x": -3.4639723574178525e-05, "PDrive_median_y": 2.4571365303376753e-05, "PDrive_median_xp": -3.2226895745073255e-06, "PDrive_median_yp": -1.9783278418137595e-05, "PDrive_sigmaSI90_x": 2.6775879880193337e-05, "PDrive_sigmaSI90_y": 1.4224256142081406e-05, "PDrive_sigmaSI90_z": 1.9943542604890532e-05, "PDrive_sigmaSI90_xp": 0.00012971375414907836, "PDrive_sigmaSI90_yp": 4.5966602231319406e-05, "PDrive_emitSI90_x": 6.781984345592882e-05, "PDrive_emitSI90_y": 9.32076281906269e-06, "PDrive_norm_emit_x": 9.294594340425771e-05, "PDrive_norm_emit_y": 1.275240479788819e-05, "PDrive_charge_nC": 1.6000000000000012, "lostChargeFraction": 0.0, "alpha_x": 0.4984970237654527, "beta_x": 0.30663380878221647, "gamma_x": 4.071629569033427, "emit_x": 1.388327215338846e-09, "eta_x": 0.0012671772792842168, "etap_x": 0.008758237494737513, "norm_emit_x": 2.674058353039132e-05, "alpha_y": -0.539950319715595, "beta_y": 0.4056289403368472, "gamma_y": 3.184058678575626, "emit_y": 2.7555653788090965e-10, "eta_y": -0.0006796540887079809, "etap_y": -0.0024969270010220387, "norm_emit_y": 5.3014216598394246e-06}