{"PDrive_median_x": 6.82613812322698e-07, "PDrive_median_y": -1.2141400267462132e-06, "PDrive_median_xp": 1.116311984639966e-05, "PDrive_median_yp": 1.7793258322349629e-06, "PDrive_sigmaSI90_x": 2.3826060094267584e-05, "PDrive_sigmaSI90_y": 1.4394516861793851e-05, "PDrive_sigmaSI90_z": 2.1239172621749852e-05, "PDrive_sigmaSI90_xp": 0.00012858981741685545, "PDrive_sigmaSI90_yp": 5.290509194629339e-05, "PDrive_emitSI90_x": 5.120149778534367e-05, "PDrive_emitSI90_y": 1.4199468705332939e-05, "PDrive_norm_emit_x": 7.467406835917009e-05, "PDrive_norm_emit_y": 1.6990781328406727e-05, "PDrive_charge_nC": 1.6000000000000012, "lostChargeFraction": 0.0, "alpha_x": 0.6729452033020972, "beta_x": 0.3171462811848993, "gamma_x": 4.5810256428650105, "emit_x": 1.2009861721565034e-09, "eta_x": -0.0011175376791461196, "etap_x": 0.008970448103230954, "norm_emit_x": 2.312945054399818e-05, "alpha_y": -0.30220586080615597, "beta_y": 0.4012537955205896, "gamma_y": 2.719795786329429, "emit_y": 2.559668505747747e-10, "eta_y": 0.00042218295205283273, "etap_y": -0.003592603989872754, "norm_emit_y": 4.924478869211326e-06}