{"PDrive_median_x": 6.772876771455328e-05, "PDrive_median_y": -1.042725999957319e-05, "PDrive_median_xp": -7.648018507290279e-05, "PDrive_median_yp": -6.822400902729373e-05, "PDrive_sigmaSI90_x": 4.436650826965597e-05, "PDrive_sigmaSI90_y": 2.4220732314311915e-05, "PDrive_sigmaSI90_z": 2.0872525827551578e-05, "PDrive_sigmaSI90_xp": 0.0001633417122526342, "PDrive_sigmaSI90_yp": 3.2476519843259204e-05, "PDrive_emitSI90_x": 7.38536144177163e-05, "PDrive_emitSI90_y": 1.2129079664329982e-05, "PDrive_norm_emit_x": 0.00011471515944702542, "PDrive_norm_emit_y": 1.583510218464395e-05, "PDrive_charge_nC": 1.6000000000000012, "lostChargeFraction": 0.0, "alpha_x": 0.2792363841578523, "beta_x": 0.24294637024515614, "gamma_x": 4.4370819664841, "emit_x": 1.287200180646959e-09, "eta_x": -0.003825382899814094, "etap_x": 0.014234309144378217, "norm_emit_x": 2.4789470580103536e-05, "alpha_y": -0.473816954965369, "beta_y": 0.39035280335837824, "gamma_y": 3.1369122913367513, "emit_y": 2.377220963487097e-10, "eta_y": 0.0017678774740956782, "etap_y": 0.001050489739731646, "norm_emit_y": 4.573786898133957e-06}