{"PDrive_median_x": -3.4553099657784926e-05, "PDrive_median_y": -1.0317463263082297e-06, "PDrive_median_xp": -3.7678839656951635e-05, "PDrive_median_yp": -3.888074215513677e-05, "PDrive_sigmaSI90_x": 3.2411840164661893e-05, "PDrive_sigmaSI90_y": 1.683358635796791e-05, "PDrive_sigmaSI90_z": 1.9856826214127964e-05, "PDrive_sigmaSI90_xp": 0.000145310876866055, "PDrive_sigmaSI90_yp": 2.9343788016964124e-05, "PDrive_emitSI90_x": 8.569195080621497e-05, "PDrive_emitSI90_y": 9.331653803800435e-06, "PDrive_norm_emit_x": 0.00010735317392751178, "PDrive_norm_emit_y": 1.148227836575136e-05, "PDrive_charge_nC": 1.6000000000000012, "lostChargeFraction": 0.0, "alpha_x": 0.28787946343306486, "beta_x": 0.27604459374858187, "gamma_x": 3.9228248260959546, "emit_x": 1.4224166698983842e-09, "eta_x": 0.0017990858942902837, "etap_x": 0.011046458237398265, "norm_emit_x": 2.7395558524525923e-05, "alpha_y": -0.4713438717768668, "beta_y": 0.46752957293333686, "gamma_y": 2.6140914205567722, "emit_y": 2.198478265042595e-10, "eta_y": 0.000735328467901362, "etap_y": -0.0008363818654957209, "norm_emit_y": 4.227113084576964e-06}