{"PDrive_median_x": 3.865723353452391e-05, "PDrive_median_y": -1.953675204433049e-05, "PDrive_median_xp": -5.331681718130027e-05, "PDrive_median_yp": -7.833143896106049e-05, "PDrive_sigmaSI90_x": 3.4252069396093706e-05, "PDrive_sigmaSI90_y": 2.8502704206195756e-05, "PDrive_sigmaSI90_z": 2.0586123302734836e-05, "PDrive_sigmaSI90_xp": 0.00015596354633481542, "PDrive_sigmaSI90_yp": 3.672341501152392e-05, "PDrive_emitSI90_x": 6.966491024448284e-05, "PDrive_emitSI90_y": 1.4075913709246063e-05, "PDrive_norm_emit_x": 9.913732051620102e-05, "PDrive_norm_emit_y": 1.899781604277356e-05, "PDrive_charge_nC": 1.6000000000000012, "lostChargeFraction": 0.0, "alpha_x": 0.41097861580853134, "beta_x": 0.25578981337940027, "gamma_x": 4.569780974499247, "emit_x": 1.2469648219708e-09, "eta_x": -0.0025899945435291214, "etap_x": 0.012999215083212206, "norm_emit_x": 2.4015662294503344e-05, "alpha_y": -0.4012161391417502, "beta_y": 0.3722722352539109, "gamma_y": 3.1186166476153176, "emit_y": 2.4222407394657466e-10, "eta_y": 0.002236793622899717, "etap_y": 0.0016334931770955192, "norm_emit_y": 4.661394059992832e-06}