{"PDrive_median_x": -2.6289526786983133e-05, "PDrive_median_y": 1.6739331796891825e-05, "PDrive_median_xp": 3.252497130994256e-06, "PDrive_median_yp": -1.1107387908624124e-05, "PDrive_sigmaSI90_x": 2.4495484384540977e-05, "PDrive_sigmaSI90_y": 1.2611790371527764e-05, "PDrive_sigmaSI90_z": 2.0217329640479717e-05, "PDrive_sigmaSI90_xp": 0.0001276131746485936, "PDrive_sigmaSI90_yp": 4.282491599168794e-05, "PDrive_emitSI90_x": 6.166118742474078e-05, "PDrive_emitSI90_y": 9.52225790430591e-06, "PDrive_norm_emit_x": 8.672873991357621e-05, "PDrive_norm_emit_y": 1.2240376854301134e-05, "PDrive_charge_nC": 1.6000000000000012, "lostChargeFraction": 0.0, "alpha_x": 0.5000956842291246, "beta_x": 0.30039283951322826, "gamma_x": 4.161536258355274, "emit_x": 1.355197116404346e-09, "eta_x": 0.0008238205740884829, "etap_x": 0.008515794460029062, "norm_emit_x": 2.6100561790860824e-05, "alpha_y": -0.45839655666261914, "beta_y": 0.41270115709816585, "gamma_y": 2.932212285686184, "emit_y": 2.550219496280131e-10, "eta_y": -0.00010268230229913134, "etap_y": -0.002281607705212033, "norm_emit_y": 4.9050839488205755e-06}