{"PDrive_median_x": -2.3215224781464323e-05, "PDrive_median_y": 5.162608674444301e-06, "PDrive_median_xp": 2.0132718251661444e-05, "PDrive_median_yp": -5.4280605933498196e-05, "PDrive_sigmaSI90_x": 2.256961500641091e-05, "PDrive_sigmaSI90_y": 1.705223442485253e-05, "PDrive_sigmaSI90_z": 2.0934812647876e-05, "PDrive_sigmaSI90_xp": 0.00012119542773814903, "PDrive_sigmaSI90_yp": 2.8017691184126836e-05, "PDrive_emitSI90_x": 5.3481488871328115e-05, "PDrive_emitSI90_y": 8.637136731491244e-06, "PDrive_norm_emit_x": 7.774324702234619e-05, "PDrive_norm_emit_y": 1.1213851245490088e-05, "PDrive_charge_nC": 1.6000000000000012, "lostChargeFraction": 0.0, "alpha_x": 0.5996367643160367, "beta_x": 0.3156190772838703, "gamma_x": 4.307611126739983, "emit_x": 1.3182421377704534e-09, "eta_x": 0.0003854165578614159, "etap_x": 0.007510466705007779, "norm_emit_x": 2.538797185620598e-05, "alpha_y": -0.5911953990754818, "beta_y": 0.44126103994350035, "gamma_y": 3.0583076177783823, "emit_y": 2.2684368454529638e-10, "eta_y": 0.0009002054797921618, "etap_y": 0.00016682826916040086, "norm_emit_y": 4.3608189122254436e-06}