{"PDrive_median_x": -7.464302753807616e-06, "PDrive_median_y": -9.405800269379006e-07, "PDrive_median_xp": 1.8930286837279016e-05, "PDrive_median_yp": -0.00010450732188102794, "PDrive_sigmaSI90_x": 2.1753494425870163e-05, "PDrive_sigmaSI90_y": 2.3373304763240958e-05, "PDrive_sigmaSI90_z": 2.1579645893195686e-05, "PDrive_sigmaSI90_xp": 0.00012005050753316979, "PDrive_sigmaSI90_yp": 4.459100189959796e-05, "PDrive_emitSI90_x": 4.531414656338976e-05, "PDrive_emitSI90_y": 1.2154718225934089e-05, "PDrive_norm_emit_x": 6.932298852639312e-05, "PDrive_norm_emit_y": 1.5619514245008786e-05, "PDrive_charge_nC": 1.6000000000000012, "lostChargeFraction": 0.0, "alpha_x": 0.7280371444509754, "beta_x": 0.33558855462900394, "gamma_x": 4.559267777745879, "emit_x": 1.1844128147731191e-09, "eta_x": -0.0005941538977429869, "etap_x": 0.007580385097117057, "norm_emit_x": 2.2809631447462435e-05, "alpha_y": -0.5480151310333533, "beta_y": 0.4206430802931389, "gamma_y": 3.091268214694825, "emit_y": 2.6192416425733414e-10, "eta_y": 0.0017935391997898756, "etap_y": 0.0030320712412362986, "norm_emit_y": 5.03722208037616e-06}