{"PDrive_median_x": -1.2403265686491713e-05, "PDrive_median_y": -1.0069924555463758e-05, "PDrive_median_xp": 1.5105962522046477e-05, "PDrive_median_yp": -0.0001261464276110471, "PDrive_sigmaSI90_x": 2.1584868182857286e-05, "PDrive_sigmaSI90_y": 3.3721732155113166e-05, "PDrive_sigmaSI90_z": 2.1194005659878518e-05, "PDrive_sigmaSI90_xp": 0.00011879294179345642, "PDrive_sigmaSI90_yp": 6.302417008283215e-05, "PDrive_emitSI90_x": 4.877522868440092e-05, "PDrive_emitSI90_y": 1.8537170273446058e-05, "PDrive_norm_emit_x": 7.271766896724876e-05, "PDrive_norm_emit_y": 2.2646599446701946e-05, "PDrive_charge_nC": 1.6000000000000012, "lostChargeFraction": 0.0, "alpha_x": 0.5876590991412048, "beta_x": 0.30771314300290753, "gamma_x": 4.372069400983437, "emit_x": 1.2342299069506264e-09, "eta_x": 3.692807856806948e-05, "etap_x": 0.007437113114773564, "norm_emit_x": 2.3767657995105042e-05, "alpha_y": -0.5459249594992827, "beta_y": 0.4998063478454477, "gamma_y": 2.597073980752396, "emit_y": 3.0451203196364117e-10, "eta_y": 0.0029533844373353588, "etap_y": 0.005327665142211482, "norm_emit_y": 5.856667457626068e-06}