{"PDrive_median_x": 5.10920116080252e-06, "PDrive_median_y": 2.38281079926206e-05, "PDrive_median_xp": -5.546621821912849e-05, "PDrive_median_yp": -7.95441937300365e-05, "PDrive_sigmaSI90_x": 2.2620691672204558e-05, "PDrive_sigmaSI90_y": 1.150663099933573e-05, "PDrive_sigmaSI90_z": 1.9970058255256945e-05, "PDrive_sigmaSI90_xp": 0.00014744075451719773, "PDrive_sigmaSI90_yp": 3.671589101276514e-05, "PDrive_emitSI90_x": 6.614029057715889e-05, "PDrive_emitSI90_y": 7.11464882941644e-06, "PDrive_norm_emit_x": 9.367458867030533e-05, "PDrive_norm_emit_y": 9.250626457140731e-06, "PDrive_charge_nC": 1.6000000000000012, "lostChargeFraction": 0.0, "alpha_x": 0.2814543626155079, "beta_x": 0.2526943322186873, "gamma_x": 4.270838007167188, "emit_x": 1.3330711952458477e-09, "eta_x": 9.877479111107841e-05, "etap_x": 0.011531459804738025, "norm_emit_x": 2.567125611037505e-05, "alpha_y": -0.3999651446349294, "beta_y": 0.3967337785981861, "gamma_y": 2.923804776647631, "emit_y": 2.367764254269717e-10, "eta_y": 0.000261507734491446, "etap_y": 0.002233516548602217, "norm_emit_y": 4.554657490395624e-06}