{"PDrive_median_x": -4.425207714332713e-05, "PDrive_median_y": -3.375572297355517e-05, "PDrive_median_xp": -7.288733705036913e-06, "PDrive_median_yp": -0.00012130804024222176, "PDrive_sigmaSI90_x": 3.179538048925688e-05, "PDrive_sigmaSI90_y": 4.437625806553132e-05, "PDrive_sigmaSI90_z": 1.9731657305989157e-05, "PDrive_sigmaSI90_xp": 0.00013057739757299253, "PDrive_sigmaSI90_yp": 5.9899260361545044e-05, "PDrive_emitSI90_x": 7.706214505734256e-05, "PDrive_emitSI90_y": 2.4135554515702522e-05, "PDrive_norm_emit_x": 0.00010016807991913008, "PDrive_norm_emit_y": 2.7965141058480015e-05, "PDrive_charge_nC": 1.6000000000000012, "lostChargeFraction": 0.0, "alpha_x": 0.4197817443649811, "beta_x": 0.2950339790432078, "gamma_x": 3.9867160952666048, "emit_x": 1.3905553316729013e-09, "eta_x": 0.0019254714160106352, "etap_x": 0.009014767074308537, "norm_emit_x": 2.6783329649623124e-05, "alpha_y": -0.43279646048877796, "beta_y": 0.4823124924778847, "gamma_y": 2.4617085286590537, "emit_y": 2.7534850106144573e-10, "eta_y": 0.00392889886606724, "etap_y": 0.004791996920825253, "norm_emit_y": 5.298013225492922e-06}