{"PDrive_median_x": 5.026611036241431e-07, "PDrive_median_y": 2.4939981580661017e-05, "PDrive_median_xp": -9.460706381750144e-05, "PDrive_median_yp": -8.530717722941963e-05, "PDrive_sigmaSI90_x": 2.65198379714066e-05, "PDrive_sigmaSI90_y": 1.158679975236044e-05, "PDrive_sigmaSI90_z": 2.031837810257502e-05, "PDrive_sigmaSI90_xp": 0.00016667019047458126, "PDrive_sigmaSI90_yp": 3.568513587648714e-05, "PDrive_emitSI90_x": 8.608988402417227e-05, "PDrive_emitSI90_y": 7.268678059384377e-06, "PDrive_norm_emit_x": 0.00011099237216913822, "PDrive_norm_emit_y": 9.343221780627422e-06, "PDrive_charge_nC": 1.6000000000000012, "lostChargeFraction": 0.0, "alpha_x": 0.1261253796815694, "beta_x": 0.25033829335439267, "gamma_x": 4.058139079671863, "emit_x": 1.4002941885431277e-09, "eta_x": 0.0007251909619639908, "etap_x": 0.013900442271619974, "norm_emit_x": 2.696688098069759e-05, "alpha_y": -0.3455809568945609, "beta_y": 0.37943144734921336, "gamma_y": 2.950272587021196, "emit_y": 2.4351713572138107e-10, "eta_y": 3.513832543208878e-05, "etap_y": 0.002005457426738921, "norm_emit_y": 4.686462027956123e-06}