{"PDrive_median_x": -2.0682493008949497e-05, "PDrive_median_y": 4.3534097592959475e-07, "PDrive_median_xp": 5.52749890392302e-06, "PDrive_median_yp": -1.5566123623878742e-05, "PDrive_sigmaSI90_x": 2.2920739030846784e-05, "PDrive_sigmaSI90_y": 1.6147886481311233e-05, "PDrive_sigmaSI90_z": 2.0391402788134845e-05, "PDrive_sigmaSI90_xp": 0.00012802031634013989, "PDrive_sigmaSI90_yp": 4.505171164497875e-05, "PDrive_emitSI90_x": 5.813617920632947e-05, "PDrive_emitSI90_y": 1.349048923712299e-05, "PDrive_norm_emit_x": 8.305908945226823e-05, "PDrive_norm_emit_y": 1.5917987782527787e-05, "PDrive_charge_nC": 1.6000000000000012, "lostChargeFraction": 0.0, "alpha_x": 0.5213121297895619, "beta_x": 0.30136512659018305, "gamma_x": 4.220018258433612, "emit_x": 1.3312663082968351e-09, "eta_x": 0.00042632742224346865, "etap_x": 0.008605367869683949, "norm_emit_x": 2.563923670553638e-05, "alpha_y": -0.45792475140315003, "beta_y": 0.45669822866198573, "gamma_y": 2.648784256273005, "emit_y": 2.4809649824887356e-10, "eta_y": 0.0005820643290086233, "etap_y": -0.002838005024336974, "norm_emit_y": 4.77007158549922e-06}