{"PDrive_median_x": -8.484231264069522e-06, "PDrive_median_y": 2.2673179923571536e-05, "PDrive_median_xp": -2.0458308451813604e-05, "PDrive_median_yp": -8.141838141215769e-05, "PDrive_sigmaSI90_x": 2.1437696056078828e-05, "PDrive_sigmaSI90_y": 1.1680993160697312e-05, "PDrive_sigmaSI90_z": 2.0281192079420685e-05, "PDrive_sigmaSI90_xp": 0.00013584229122670503, "PDrive_sigmaSI90_yp": 3.745693632532519e-05, "PDrive_emitSI90_x": 5.709600679347349e-05, "PDrive_emitSI90_y": 6.835306742974612e-06, "PDrive_norm_emit_x": 8.444111379784741e-05, "PDrive_norm_emit_y": 9.335109385324017e-06, "PDrive_charge_nC": 1.6000000000000012, "lostChargeFraction": 0.0, "alpha_x": 0.49232174122158884, "beta_x": 0.2909425419869032, "gamma_x": 4.270192624272124, "emit_x": 1.3217395454857188e-09, "eta_x": -3.7060051580880674e-05, "etap_x": 0.00967367950151286, "norm_emit_x": 2.5456707951631405e-05, "alpha_y": -0.5047942256965721, "beta_y": 0.38813090151314533, "gamma_y": 3.2329742501940495, "emit_y": 2.4627287214803557e-10, "eta_y": 0.00039510165141098984, "etap_y": 0.002205276570680826, "norm_emit_y": 4.73618993091879e-06}