{"PDrive_median_x": 6.981820818561542e-06, "PDrive_median_y": -2.478847381273186e-05, "PDrive_median_xp": 3.2029999758304727e-06, "PDrive_median_yp": -8.531241763424e-05, "PDrive_sigmaSI90_x": 2.548477838008999e-05, "PDrive_sigmaSI90_y": 3.2595831801988394e-05, "PDrive_sigmaSI90_z": 2.1357028223835736e-05, "PDrive_sigmaSI90_xp": 0.00013057531919735192, "PDrive_sigmaSI90_yp": 3.991062862806555e-05, "PDrive_emitSI90_x": 4.950190716811514e-05, "PDrive_emitSI90_y": 1.6769444305734383e-05, "PDrive_norm_emit_x": 7.573733246105659e-05, "PDrive_norm_emit_y": 2.176753395371216e-05, "PDrive_charge_nC": 1.6000000000000012, "lostChargeFraction": 0.0, "alpha_x": 0.6860777569058063, "beta_x": 0.31365412459179415, "gamma_x": 4.6889314477689465, "emit_x": 1.1690156947162732e-09, "eta_x": -0.0015021090940668291, "etap_x": 0.009415842388846534, "norm_emit_x": 2.2514340158645922e-05, "alpha_y": -0.3973376469137761, "beta_y": 0.36978319888609884, "gamma_y": 3.1312325955934726, "emit_y": 2.442478290029522e-10, "eta_y": 0.002667666108980449, "etap_y": 0.0020684794818530442, "norm_emit_y": 4.700521192772801e-06}