{"PDrive_median_x": 2.0089105585246252e-05, "PDrive_median_y": -6.278860706146918e-06, "PDrive_median_xp": -1.4803631048641028e-05, "PDrive_median_yp": -7.762211538264784e-05, "PDrive_sigmaSI90_x": 2.6054570831636064e-05, "PDrive_sigmaSI90_y": 2.239317377031663e-05, "PDrive_sigmaSI90_z": 2.1250553894249597e-05, "PDrive_sigmaSI90_xp": 0.00013423331456371694, "PDrive_sigmaSI90_yp": 3.235297849536825e-05, "PDrive_emitSI90_x": 5.529855044996304e-05, "PDrive_emitSI90_y": 1.1247285166858046e-05, "PDrive_norm_emit_x": 7.861997193241214e-05, "PDrive_norm_emit_y": 1.438501052476419e-05, "PDrive_charge_nC": 1.6000000000000012, "lostChargeFraction": 0.0, "alpha_x": 0.6064003515945631, "beta_x": 0.28346494293452235, "gamma_x": 4.825010712982381, "emit_x": 1.167472987101409e-09, "eta_x": -0.0015965642566905813, "etap_x": 0.010148484901436106, "norm_emit_x": 2.2482941233817394e-05, "alpha_y": -0.45137087433876494, "beta_y": 0.39722233161451703, "gamma_y": 3.0303826607853006, "emit_y": 2.3938028859563644e-10, "eta_y": 0.0015549373751099953, "etap_y": 0.0011806200353315565, "norm_emit_y": 4.6052268422228545e-06}