{"PDrive_median_x": -1.4193310866445832e-05, "PDrive_median_y": 2.6666493089706404e-05, "PDrive_median_xp": -1.5563870248712224e-05, "PDrive_median_yp": -1.1415435125465297e-05, "PDrive_sigmaSI90_x": 2.3026890689892622e-05, "PDrive_sigmaSI90_y": 1.3766378684688865e-05, "PDrive_sigmaSI90_z": 2.0180304866562432e-05, "PDrive_sigmaSI90_xp": 0.00013268151812257766, "PDrive_sigmaSI90_yp": 4.694169014520195e-05, "PDrive_emitSI90_x": 6.052035577043986e-05, "PDrive_emitSI90_y": 9.644939852954309e-06, "PDrive_norm_emit_x": 8.62483900744848e-05, "PDrive_norm_emit_y": 1.3015034562081804e-05, "PDrive_charge_nC": 1.6000000000000012, "lostChargeFraction": 0.0, "alpha_x": 0.4642922006068297, "beta_x": 0.2893947398571245, "gamma_x": 4.2003778235377185, "emit_x": 1.3312617210059215e-09, "eta_x": 0.0004038639827889624, "etap_x": 0.009367368323066113, "norm_emit_x": 2.5638915640493267e-05, "alpha_y": -0.537537431746729, "beta_y": 0.4141377494998915, "gamma_y": 3.11236174940678, "emit_y": 2.763233040283163e-10, "eta_y": -0.0005647798293162608, "etap_y": -0.002657233006017779, "norm_emit_y": 5.316221773263732e-06}