{"PDrive_median_x": -3.751772376198185e-05, "PDrive_median_y": 2.196429269247186e-05, "PDrive_median_xp": -6.145588579451814e-06, "PDrive_median_yp": -5.391431848756865e-05, "PDrive_sigmaSI90_x": 3.028094805125154e-05, "PDrive_sigmaSI90_y": 1.1555152710957986e-05, "PDrive_sigmaSI90_z": 1.983392332769006e-05, "PDrive_sigmaSI90_xp": 0.00012852401967112045, "PDrive_sigmaSI90_yp": 2.7514325362847163e-05, "PDrive_emitSI90_x": 7.255211539613649e-05, "PDrive_emitSI90_y": 5.501978803271594e-06, "PDrive_norm_emit_x": 9.792584954368675e-05, "PDrive_norm_emit_y": 7.825630333586276e-06, "PDrive_charge_nC": 1.6000000000000012, "lostChargeFraction": 0.0, "alpha_x": 0.4473310967113263, "beta_x": 0.29665740741322577, "gamma_x": 4.045424385487481, "emit_x": 1.390330208664238e-09, "eta_x": 0.001729338196587377, "etap_x": 0.0086810350160045, "norm_emit_x": 2.6777426588890217e-05, "alpha_y": -0.5405279485346063, "beta_y": 0.4272455292434155, "gamma_y": 3.02442126295683, "emit_y": 2.1997131255492626e-10, "eta_y": -4.368162624414369e-05, "etap_y": 8.495537099044933e-05, "norm_emit_y": 4.229382511024885e-06}