{"PDrive_median_x": -1.709106050262659e-05, "PDrive_median_y": -3.913771531723431e-06, "PDrive_median_xp": -9.349293495324848e-06, "PDrive_median_yp": -4.49092403121927e-05, "PDrive_sigmaSI90_x": 2.3723835849192943e-05, "PDrive_sigmaSI90_y": 2.0427643599944948e-05, "PDrive_sigmaSI90_z": 2.00806082578008e-05, "PDrive_sigmaSI90_xp": 0.0001331909433119954, "PDrive_sigmaSI90_yp": 2.7393435316578442e-05, "PDrive_emitSI90_x": 6.2377499957227e-05, "PDrive_emitSI90_y": 1.0541960418542207e-05, "PDrive_norm_emit_x": 8.74924931519515e-05, "PDrive_norm_emit_y": 1.3156709049406626e-05, "PDrive_charge_nC": 1.6000000000000012, "lostChargeFraction": 0.0, "alpha_x": 0.428528070277128, "beta_x": 0.28131333141003395, "gamma_x": 4.207537200895062, "emit_x": 1.3325198145003998e-09, "eta_x": 0.0005543267064677772, "etap_x": 0.009442714426118956, "norm_emit_x": 2.5662881046951777e-05, "alpha_y": -0.47354268070406713, "beta_y": 0.4623605749982463, "gamma_y": 2.6478093865443384, "emit_y": 2.234138523239193e-10, "eta_y": 0.0012237846348032006, "etap_y": -0.00042806525097894844, "norm_emit_y": 4.297179783301834e-06}