{"PDrive_median_x": 2.2620514958982727e-05, "PDrive_median_y": 5.9020596458739845e-06, "PDrive_median_xp": -6.646834624132668e-05, "PDrive_median_yp": -2.5207008095545628e-05, "PDrive_sigmaSI90_x": 2.4690229961916164e-05, "PDrive_sigmaSI90_y": 1.2154185969125755e-05, "PDrive_sigmaSI90_z": 2.0078227602541076e-05, "PDrive_sigmaSI90_xp": 0.00016164083038158742, "PDrive_sigmaSI90_yp": 3.8879631869924376e-05, "PDrive_emitSI90_x": 6.671986948827959e-05, "PDrive_emitSI90_y": 8.787733861024718e-06, "PDrive_norm_emit_x": 0.00010104052662122713, "PDrive_norm_emit_y": 1.1059566413699013e-05, "PDrive_charge_nC": 1.6000000000000012, "lostChargeFraction": 0.0, "alpha_x": 0.31313211311972383, "beta_x": 0.2478064136828443, "gamma_x": 4.43108676626977, "emit_x": 1.298739032935383e-09, "eta_x": -0.0011323348441973956, "etap_x": 0.013529253257233266, "norm_emit_x": 2.5012393505247058e-05, "alpha_y": -0.38823625038396, "beta_y": 0.3925995991537717, "gamma_y": 2.931045748881382, "emit_y": 2.27958006550723e-10, "eta_y": 4.149960970977616e-05, "etap_y": -0.00187665467431332, "norm_emit_y": 4.383060258718356e-06}