{"PDrive_median_x": 3.314665896654289e-05, "PDrive_median_y": 8.578577506175939e-06, "PDrive_median_xp": -3.977638255241411e-05, "PDrive_median_yp": -6.816081256734674e-05, "PDrive_sigmaSI90_x": 3.0236124538920785e-05, "PDrive_sigmaSI90_y": 1.7256158046721983e-05, "PDrive_sigmaSI90_z": 2.1006163845586677e-05, "PDrive_sigmaSI90_xp": 0.00014393546678480995, "PDrive_sigmaSI90_yp": 3.2981531128643414e-05, "PDrive_emitSI90_x": 5.6745495528442294e-05, "PDrive_emitSI90_y": 8.754048575893975e-06, "PDrive_norm_emit_x": 8.717907131533965e-05, "PDrive_norm_emit_y": 1.1192009502352461e-05, "PDrive_charge_nC": 1.6000000000000012, "lostChargeFraction": 0.0, "alpha_x": 0.5089115983063837, "beta_x": 0.2654383665726092, "gamma_x": 4.74306345064992, "emit_x": 1.1926032325886052e-09, "eta_x": -0.002133077397600908, "etap_x": 0.011548218217814214, "norm_emit_x": 2.2967459149344497e-05, "alpha_y": -0.6520972614570724, "beta_y": 0.4244398035993897, "gamma_y": 3.3579104181874206, "emit_y": 2.357565332534542e-10, "eta_y": 0.001044167377392749, "etap_y": 0.001506891996378902, "norm_emit_y": 4.532193212648182e-06}