{"PDrive_median_x": 3.848408093263544e-07, "PDrive_median_y": -8.5677219550236e-06, "PDrive_median_xp": -1.404910985232942e-06, "PDrive_median_yp": -5.352449279967283e-05, "PDrive_sigmaSI90_x": 2.221400886582798e-05, "PDrive_sigmaSI90_y": 2.4858439332290553e-05, "PDrive_sigmaSI90_z": 2.0952429559003e-05, "PDrive_sigmaSI90_xp": 0.00013100466771509073, "PDrive_sigmaSI90_yp": 2.988000639976977e-05, "PDrive_emitSI90_x": 4.984527111975202e-05, "PDrive_emitSI90_y": 1.2418934033325299e-05, "PDrive_norm_emit_x": 7.70779909077763e-05, "PDrive_norm_emit_y": 1.6058563392566192e-05, "PDrive_charge_nC": 1.6000000000000012, "lostChargeFraction": 0.0, "alpha_x": 0.5964865567935089, "beta_x": 0.30178724334246476, "gamma_x": 4.492556403044622, "emit_x": 1.213288401245479e-09, "eta_x": -0.0008361753983034043, "etap_x": 0.009298501307390631, "norm_emit_x": 2.336638212231511e-05, "alpha_y": -0.5153400892417918, "beta_y": 0.4272942277605096, "gamma_y": 2.961835956017335, "emit_y": 2.4218158200378754e-10, "eta_y": 0.0017824142668525992, "etap_y": 0.0006629006397619168, "norm_emit_y": 4.659079212409267e-06}