{"PDrive_median_x": -5.979182991606978e-05, "PDrive_median_y": 1.8989589279393413e-05, "PDrive_median_xp": -1.2318947793182011e-05, "PDrive_median_yp": -1.2757844180605428e-05, "PDrive_sigmaSI90_x": 4.0251377800400927e-05, "PDrive_sigmaSI90_y": 1.3131638006758686e-05, "PDrive_sigmaSI90_z": 1.968438515342486e-05, "PDrive_sigmaSI90_xp": 0.00013333075556232362, "PDrive_sigmaSI90_yp": 4.0849091393878313e-05, "PDrive_emitSI90_x": 9.379968759623386e-05, "PDrive_emitSI90_y": 8.77287470357652e-06, "PDrive_norm_emit_x": 0.00011446328900245138, "PDrive_norm_emit_y": 1.1730014345219854e-05, "PDrive_charge_nC": 1.6000000000000012, "lostChargeFraction": 0.0, "alpha_x": 0.396195728596276, "beta_x": 0.3024354966411318, "gamma_x": 3.8255134341283656, "emit_x": 1.489650359273623e-09, "eta_x": 0.0028211809790114005, "etap_x": 0.009365520579681513, "norm_emit_x": 2.8693185960396124e-05, "alpha_y": -0.44524657727916633, "beta_y": 0.4198082875007372, "gamma_y": 2.8542659834382342, "emit_y": 2.5715574415801594e-10, "eta_y": -0.0004099720884412185, "etap_y": -0.0020315020542297844, "norm_emit_y": 4.947051877131053e-06}