{"PDrive_median_x": 4.170617204907199e-05, "PDrive_median_y": -1.2401947876279527e-05, "PDrive_median_xp": -3.8136710345385834e-05, "PDrive_median_yp": -0.0001772875232161792, "PDrive_sigmaSI90_x": 3.5614382811885417e-05, "PDrive_sigmaSI90_y": 3.570198029708898e-05, "PDrive_sigmaSI90_z": 2.1520013015522034e-05, "PDrive_sigmaSI90_xp": 0.00013921283735988387, "PDrive_sigmaSI90_yp": 8.74924200319043e-05, "PDrive_emitSI90_x": 6.39869884820132e-05, "PDrive_emitSI90_y": 2.195196778719923e-05, "PDrive_norm_emit_x": 8.697451986101327e-05, "PDrive_norm_emit_y": 2.950109738139028e-05, "PDrive_charge_nC": 1.6000000000000012, "lostChargeFraction": 0.0, "alpha_x": 0.5259539781769474, "beta_x": 0.2749770996913296, "gamma_x": 4.642668748027422, "emit_x": 1.159815839730823e-09, "eta_x": -0.0028407731426038766, "etap_x": 0.011108852964476907, "norm_emit_x": 2.233658330758642e-05, "alpha_y": -0.5550321145749316, "beta_y": 0.5223443907927797, "gamma_y": 2.5042111512372753, "emit_y": 4.0581479256567986e-10, "eta_y": 0.0032801335858007137, "etap_y": 0.007797168523521667, "norm_emit_y": 7.806369665498732e-06}