{"PDrive_median_x": -5.247986462447759e-05, "PDrive_median_y": 2.9905195237453682e-05, "PDrive_median_xp": 1.8188548627479522e-05, "PDrive_median_yp": -5.3879073607509265e-05, "PDrive_sigmaSI90_x": 3.284276756093756e-05, "PDrive_sigmaSI90_y": 1.1526284351611965e-05, "PDrive_sigmaSI90_z": 2.0187440162581058e-05, "PDrive_sigmaSI90_xp": 0.00011811136329722983, "PDrive_sigmaSI90_yp": 2.7438585538878232e-05, "PDrive_emitSI90_x": 7.51912176052396e-05, "PDrive_emitSI90_y": 5.499139011901953e-06, "PDrive_norm_emit_x": 9.743457468320649e-05, "PDrive_norm_emit_y": 7.7050720291504e-06, "PDrive_charge_nC": 1.6000000000000012, "lostChargeFraction": 0.0, "alpha_x": 0.5475065341103859, "beta_x": 0.32186439385076077, "gamma_x": 4.038232963091375, "emit_x": 1.4470472365241308e-09, "eta_x": 0.002190153393834688, "etap_x": 0.0069494397374435385, "norm_emit_x": 2.7870224688904583e-05, "alpha_y": -0.48289218794742006, "beta_y": 0.40361092023988543, "gamma_y": 3.0553803262996584, "emit_y": 2.219314524034023e-10, "eta_y": -0.00013891796742735997, "etap_y": 0.0005082461881351785, "norm_emit_y": 4.269440631224402e-06}