{"PDrive_median_x": 1.3427464355158048e-05, "PDrive_median_y": -2.5149273881358933e-05, "PDrive_median_xp": -7.768457593863935e-05, "PDrive_median_yp": -0.00010888603819942389, "PDrive_sigmaSI90_x": 2.316008803076321e-05, "PDrive_sigmaSI90_y": 3.467414615990302e-05, "PDrive_sigmaSI90_z": 2.0129353874514283e-05, "PDrive_sigmaSI90_xp": 0.0001647098262934623, "PDrive_sigmaSI90_yp": 5.171972984746691e-05, "PDrive_emitSI90_x": 7.222045104030197e-05, "PDrive_emitSI90_y": 1.885869601885243e-05, "PDrive_norm_emit_x": 0.00010409702193353956, "PDrive_norm_emit_y": 2.2707247335689664e-05, "PDrive_charge_nC": 1.6000000000000012, "lostChargeFraction": 0.0, "alpha_x": 0.22813871869852187, "beta_x": 0.24929339728729297, "gamma_x": 4.220116884030399, "emit_x": 1.3324616945776215e-09, "eta_x": -0.000493729833559523, "etap_x": 0.013676816270161023, "norm_emit_x": 2.5662198871007525e-05, "alpha_y": -0.3722370020964208, "beta_y": 0.40984897988936847, "gamma_y": 2.777999803823021, "emit_y": 2.5658389317419193e-10, "eta_y": 0.0028902345546630926, "etap_y": 0.0037017177488694545, "norm_emit_y": 4.937493273339949e-06}