{"PDrive_median_x": 1.7274201192291618e-05, "PDrive_median_y": 1.213625261405358e-05, "PDrive_median_xp": -4.25101234617358e-05, "PDrive_median_yp": -2.057853711042416e-05, "PDrive_sigmaSI90_x": 2.43332928959374e-05, "PDrive_sigmaSI90_y": 1.259679788941414e-05, "PDrive_sigmaSI90_z": 2.033802023638501e-05, "PDrive_sigmaSI90_xp": 0.00014799509339412305, "PDrive_sigmaSI90_yp": 4.053686257614694e-05, "PDrive_emitSI90_x": 5.809563064415057e-05, "PDrive_emitSI90_y": 9.459753525600246e-06, "PDrive_norm_emit_x": 8.893220326835852e-05, "PDrive_norm_emit_y": 1.1752115710505551e-05, "PDrive_charge_nC": 1.6000000000000012, "lostChargeFraction": 0.0, "alpha_x": 0.46965613702256803, "beta_x": 0.2708736402766419, "gamma_x": 4.50607480962855, "emit_x": 1.2423508655732426e-09, "eta_x": -0.001205717440604567, "etap_x": 0.01163632236816437, "norm_emit_x": 2.3926397966766604e-05, "alpha_y": -0.4778006584234792, "beta_y": 0.4001697569920727, "gamma_y": 3.0694310295274074, "emit_y": 2.435040003560996e-10, "eta_y": 0.00012885956211684143, "etap_y": -0.0019308382507025547, "norm_emit_y": 4.681885224104528e-06}