{"PDrive_median_x": 3.377169385751364e-05, "PDrive_median_y": 4.7467951645504146e-06, "PDrive_median_xp": -5.250846935581561e-05, "PDrive_median_yp": -6.219764373336536e-05, "PDrive_sigmaSI90_x": 2.923192620538278e-05, "PDrive_sigmaSI90_y": 1.8746889125484755e-05, "PDrive_sigmaSI90_z": 2.0546342811841213e-05, "PDrive_sigmaSI90_xp": 0.00015188318366824566, "PDrive_sigmaSI90_yp": 3.2747716679629735e-05, "PDrive_emitSI90_x": 6.266935503590293e-05, "PDrive_emitSI90_y": 9.554968173079897e-06, "PDrive_norm_emit_x": 9.292719460052133e-05, "PDrive_norm_emit_y": 1.2143400596524898e-05, "PDrive_charge_nC": 1.6000000000000012, "lostChargeFraction": 0.0, "alpha_x": 0.4327476667545157, "beta_x": 0.2538574150399904, "gamma_x": 4.6769189030560545, "emit_x": 1.2307261815956518e-09, "eta_x": -0.001996759935581538, "etap_x": 0.012455254894136219, "norm_emit_x": 2.3701655531690374e-05, "alpha_y": -0.5895132226216188, "beta_y": 0.4130519137872839, "gamma_y": 3.2623643534059106, "emit_y": 2.353667934288525e-10, "eta_y": 0.0011599208499795653, "etap_y": 0.0013831689217255396, "norm_emit_y": 4.525460404268157e-06}