{"PDrive_median_x": -8.875454172333494e-05, "PDrive_median_y": 2.293651289618979e-05, "PDrive_median_xp": 3.306936464436999e-05, "PDrive_median_yp": -6.987702727082157e-06, "PDrive_sigmaSI90_x": 4.767851200732097e-05, "PDrive_sigmaSI90_y": 1.3596149429614893e-05, "PDrive_sigmaSI90_z": 1.961150143135366e-05, "PDrive_sigmaSI90_xp": 0.0001148853335478595, "PDrive_sigmaSI90_yp": 4.298612424307951e-05, "PDrive_emitSI90_x": 0.00010150638451696899, "PDrive_emitSI90_y": 9.380979219245838e-06, "PDrive_norm_emit_x": 0.00011975810954268597, "PDrive_norm_emit_y": 1.2477804167192515e-05, "PDrive_charge_nC": 1.6000000000000012, "lostChargeFraction": 0.0, "alpha_x": 0.5426554423198686, "beta_x": 0.3547794228478311, "gamma_x": 3.6486753337850355, "emit_x": 1.6821018597146256e-09, "eta_x": 0.0038698279743194356, "etap_x": 0.006501509589679197, "norm_emit_x": 3.239797262154038e-05, "alpha_y": -0.478078420449083, "beta_y": 0.4439661378314073, "gamma_y": 2.7672357673495043, "emit_y": 2.651202574731884e-10, "eta_y": -0.0004474748489057404, "etap_y": -0.002352716053069691, "norm_emit_y": 5.1006602601040025e-06}