{"PDrive_median_x": 4.028115689231625e-05, "PDrive_median_y": 3.191145739508955e-05, "PDrive_median_xp": -4.240203319013981e-05, "PDrive_median_yp": -1.2374894877766114e-06, "PDrive_sigmaSI90_x": 3.290326781580448e-05, "PDrive_sigmaSI90_y": 1.759943181850415e-05, "PDrive_sigmaSI90_z": 2.1188136547056693e-05, "PDrive_sigmaSI90_xp": 0.00014490754051389653, "PDrive_sigmaSI90_yp": 5.246663816572758e-05, "PDrive_emitSI90_x": 6.209104999772376e-05, "PDrive_emitSI90_y": 1.1605636638489717e-05, "PDrive_norm_emit_x": 8.931875423452209e-05, "PDrive_norm_emit_y": 1.505375435621799e-05, "PDrive_charge_nC": 1.6000000000000012, "lostChargeFraction": 0.0, "alpha_x": 0.5113478185328437, "beta_x": 0.26575899129535824, "gamma_x": 4.7466939326102535, "emit_x": 1.2117741818568708e-09, "eta_x": -0.0024844359508966645, "etap_x": 0.011721390528341591, "norm_emit_x": 2.333653437864884e-05, "alpha_y": -0.4119196383524448, "beta_y": 0.35703296560110404, "gamma_y": 3.276105853394037, "emit_y": 2.8048103399281724e-10, "eta_y": -0.0011308433217868744, "etap_y": -0.0032504122299222764, "norm_emit_y": 5.3983814241136695e-06}