{"PDrive_median_x": -3.125525746804511e-05, "PDrive_median_y": 6.6971128755672885e-06, "PDrive_median_xp": 4.4871752741546285e-05, "PDrive_median_yp": -1.397524589569964e-05, "PDrive_sigmaSI90_x": 2.2712987448131467e-05, "PDrive_sigmaSI90_y": 1.4495935801422463e-05, "PDrive_sigmaSI90_z": 2.1525971599898665e-05, "PDrive_sigmaSI90_xp": 0.00011343859581334646, "PDrive_sigmaSI90_yp": 4.345396497597318e-05, "PDrive_emitSI90_x": 4.793415040607762e-05, "PDrive_emitSI90_y": 1.182069054321553e-05, "PDrive_norm_emit_x": 7.161428770609145e-05, "PDrive_norm_emit_y": 1.4099482424913606e-05, "PDrive_charge_nC": 1.6000000000000012, "lostChargeFraction": 0.0, "alpha_x": 0.7165611587887419, "beta_x": 0.3502084057569349, "gamma_x": 4.321597852608639, "emit_x": 1.323704065485997e-09, "eta_x": 0.0004603332304805115, "etap_x": 0.006134762291382903, "norm_emit_x": 2.5492125872825112e-05, "alpha_y": -0.46250658358515045, "beta_y": 0.4288352364108396, "gamma_y": 2.8307196722440877, "emit_y": 2.4317323085798333e-10, "eta_y": 0.0004216298705002038, "etap_y": -0.0025156730939302754, "norm_emit_y": 4.6755621144124095e-06}