{"PDrive_median_x": 2.086936962640342e-07, "PDrive_median_y": -3.033248980133725e-08, "PDrive_median_xp": -1.1112602741059422e-05, "PDrive_median_yp": 1.765190049475334e-07, "PDrive_sigmaSI90_x": 1.5952681934075004e-05, "PDrive_sigmaSI90_y": 9.198149861320303e-06, "PDrive_sigmaSI90_z": 3.7055933794498134e-06, "PDrive_sigmaSI90_xp": 3.233481067684975e-05, "PDrive_sigmaSI90_yp": 1.75019673942796e-05, "PDrive_emitSI90_x": 7.459657041726667e-06, "PDrive_emitSI90_y": 2.928211948215966e-06, "PDrive_norm_emit_x": 1.482204475859779e-05, "PDrive_norm_emit_y": 4.640252109727964e-06, "PDrive_charge_nC": 1.5997440000000005, "lostChargeFraction": 0.0, "alpha_x": 0.9335868403680607, "beta_x": 0.7833880270569055, "gamma_x": 2.3890898556871445, "emit_x": 1.7267971882476279e-10, "eta_x": -0.002188064773262667, "etap_x": -0.0017155380670360258, "norm_emit_x": 3.379218715910352e-06, "alpha_y": 0.8523327057643502, "beta_y": 0.6380730733967288, "gamma_y": 2.705757558652105, "emit_y": 8.533414738704204e-11, "eta_y": -7.863263931633943e-06, "etap_y": 1.4382702465776423e-06, "norm_emit_y": 1.6700215121877768e-06}