{"PDrive_median_x": -9.818225834273323e-07, "PDrive_median_y": -2.248601275589339e-08, "PDrive_median_xp": -9.991119650587432e-06, "PDrive_median_yp": 1.651131472756059e-07, "PDrive_sigmaSI90_x": 1.5932778504759477e-05, "PDrive_sigmaSI90_y": 8.719694612997206e-06, "PDrive_sigmaSI90_z": 3.7667396016026032e-06, "PDrive_sigmaSI90_xp": 3.1184556724142154e-05, "PDrive_sigmaSI90_yp": 1.8626590324499747e-05, "PDrive_emitSI90_x": 7.060923065306433e-06, "PDrive_emitSI90_y": 2.9180710246690887e-06, "PDrive_norm_emit_x": 1.4949692813424154e-05, "PDrive_norm_emit_y": 4.63787218652036e-06, "PDrive_charge_nC": 1.5997440000000005, "lostChargeFraction": 0.0, "alpha_x": 0.8815654937347813, "beta_x": 0.7801738568207359, "gamma_x": 2.2778996043085744, "emit_x": 1.7178105319711257e-10, "eta_x": -0.002863656154587171, "etap_x": -0.00044820057909798934, "norm_emit_x": 3.3616390544141743e-06, "alpha_y": 0.8882069192797354, "beta_y": 0.5625740822944272, "gamma_y": 3.179868372464693, "emit_y": 8.54835113423391e-11, "eta_y": -7.466161605631252e-06, "etap_y": 9.656141358037945e-07, "norm_emit_y": 1.6729455795548535e-06}