{"PDrive_median_x": -8.951483358580141e-07, "PDrive_median_y": -3.0190931512313555e-08, "PDrive_median_xp": -9.830240250158066e-06, "PDrive_median_yp": 1.7501915278702417e-07, "PDrive_sigmaSI90_x": 1.558729278083157e-05, "PDrive_sigmaSI90_y": 9.087903539624047e-06, "PDrive_sigmaSI90_z": 3.832315996214536e-06, "PDrive_sigmaSI90_xp": 3.066143681687266e-05, "PDrive_sigmaSI90_yp": 1.7943655531895684e-05, "PDrive_emitSI90_x": 6.5660535991803245e-06, "PDrive_emitSI90_y": 2.9139588031565166e-06, "PDrive_norm_emit_x": 1.4711676461692443e-05, "PDrive_norm_emit_y": 4.638478215001181e-06, "PDrive_charge_nC": 1.5997440000000005, "lostChargeFraction": 0.0, "alpha_x": 0.8397844940797022, "beta_x": 0.7742650719037487, "gamma_x": 2.202395611497615, "emit_x": 1.7026484912276908e-10, "eta_x": -0.0028578902739077494, "etap_x": -7.99263853510578e-05, "norm_emit_x": 3.3320035867436167e-06, "alpha_y": 0.9000773238085368, "beta_y": 0.6229937544829995, "gamma_y": 2.9055494951735237, "emit_y": 8.521942791177759e-11, "eta_y": -7.4985851315489435e-06, "etap_y": 1.620871047423394e-06, "norm_emit_y": 1.6677760180146054e-06}