{"PDrive_median_x": -2.5832417599829647e-07, "PDrive_median_y": -1.3362191321467306e-06, "PDrive_median_xp": -1.0253200750864364e-05, "PDrive_median_yp": 1.7160135943414185e-07, "PDrive_sigmaSI90_x": 1.4836183664553511e-05, "PDrive_sigmaSI90_y": 9.140116900924681e-06, "PDrive_sigmaSI90_z": 3.8020431625965054e-06, "PDrive_sigmaSI90_xp": 3.118572666300245e-05, "PDrive_sigmaSI90_yp": 1.7920891764373162e-05, "PDrive_emitSI90_x": 6.5748539959715345e-06, "PDrive_emitSI90_y": 2.9968304409029284e-06, "PDrive_norm_emit_x": 1.4300636824384675e-05, "PDrive_norm_emit_y": 4.776799529219758e-06, "PDrive_charge_nC": 1.5997440000000005, "lostChargeFraction": 0.0, "alpha_x": 0.8516531971788794, "beta_x": 0.767705352028268, "gamma_x": 2.247363736239107, "emit_x": 1.695213678382737e-10, "eta_x": -0.002176299518913721, "etap_x": -0.0009571075066488575, "norm_emit_x": 3.3174453990400768e-06, "alpha_y": 0.825566180677599, "beta_y": 0.5916022677910496, "gamma_y": 2.8423817997812595, "emit_y": 8.669014644509775e-11, "eta_y": -0.0007706227110905947, "etap_y": 3.151514131880042e-05, "norm_emit_y": 1.6965615902743857e-06}