{"PDrive_median_x": 2.3655921167773192e-06, "PDrive_median_y": -2.2708299223440237e-08, "PDrive_median_xp": -1.1217608332355006e-05, "PDrive_median_yp": 1.7238969100279782e-07, "PDrive_sigmaSI90_x": 1.375389407949805e-05, "PDrive_sigmaSI90_y": 8.96944857466272e-06, "PDrive_sigmaSI90_z": 3.880744920255852e-06, "PDrive_sigmaSI90_xp": 3.157727338043924e-05, "PDrive_sigmaSI90_yp": 1.775192506257123e-05, "PDrive_emitSI90_x": 5.7946942033249515e-06, "PDrive_emitSI90_y": 2.9012252705809242e-06, "PDrive_norm_emit_x": 1.321980532228803e-05, "PDrive_norm_emit_y": 4.638970395740603e-06, "PDrive_charge_nC": 1.5997440000000005, "lostChargeFraction": 0.0, "alpha_x": 0.8118310461059194, "beta_x": 0.7515622762760056, "gamma_x": 2.207494574690642, "emit_x": 1.6356296063480234e-10, "eta_x": -0.0006475393976531703, "etap_x": -0.0020176249416562417, "norm_emit_x": 3.2008821008103628e-06, "alpha_y": 0.8385118713035854, "beta_y": 0.6021402247159141, "gamma_y": 2.828414526069161, "emit_y": 8.511192584298779e-11, "eta_y": -7.144673184023881e-06, "etap_y": 8.643533844001151e-07, "norm_emit_y": 1.6656716576350992e-06}