{"PDrive_median_x": 2.1342640656056875e-06, "PDrive_median_y": -1.9532772613726444e-08, "PDrive_median_xp": -1.1651935558107639e-05, "PDrive_median_yp": 1.777147406170647e-07, "PDrive_sigmaSI90_x": 1.4389804156565428e-05, "PDrive_sigmaSI90_y": 8.900843528967116e-06, "PDrive_sigmaSI90_z": 3.7120006693759213e-06, "PDrive_sigmaSI90_xp": 3.36619508208901e-05, "PDrive_sigmaSI90_yp": 1.7894521401696414e-05, "PDrive_emitSI90_x": 6.8376915732732075e-06, "PDrive_emitSI90_y": 2.897884731323567e-06, "PDrive_norm_emit_x": 1.3731571112200606e-05, "PDrive_norm_emit_y": 4.638703141442408e-06, "PDrive_charge_nC": 1.5997440000000005, "lostChargeFraction": 0.0, "alpha_x": 0.8882582434143835, "beta_x": 0.7539309292595884, "gamma_x": 2.3729000065702692, "emit_x": 1.6806317989150799e-10, "eta_x": -0.0006993417983125583, "etap_x": -0.0029405257901320824, "norm_emit_x": 3.288885495379144e-06, "alpha_y": 0.8345514872758184, "beta_y": 0.5880108665333409, "gamma_y": 2.8851102615092374, "emit_y": 8.53422324946626e-11, "eta_y": -7.674588698283635e-06, "etap_y": 1.712533930467497e-06, "norm_emit_y": 1.6701796348449903e-06}