{"PDrive_median_x": -2.093940936394935e-06, "PDrive_median_y": -2.585635091833167e-08, "PDrive_median_xp": -8.466888977511111e-06, "PDrive_median_yp": 1.774379489615988e-07, "PDrive_sigmaSI90_x": 1.729368421089664e-05, "PDrive_sigmaSI90_y": 8.960593945038726e-06, "PDrive_sigmaSI90_z": 3.9003518045541e-06, "PDrive_sigmaSI90_xp": 3.070078427011515e-05, "PDrive_sigmaSI90_yp": 1.794479952574148e-05, "PDrive_emitSI90_x": 6.97393794619184e-06, "PDrive_emitSI90_y": 2.9048894533547045e-06, "PDrive_norm_emit_x": 1.529471194970913e-05, "PDrive_norm_emit_y": 4.638600533711946e-06, "PDrive_charge_nC": 1.5997440000000005, "lostChargeFraction": 0.0, "alpha_x": 0.8442669775109087, "beta_x": 0.79504554618569, "gamma_x": 2.154325293101345, "emit_x": 1.710015947992342e-10, "eta_x": -0.0037169989445676303, "etap_x": 0.00111134635637004, "norm_emit_x": 3.3463950930688783e-06, "alpha_y": 0.8619018026301197, "beta_y": 0.6001372003968971, "gamma_y": 2.9041271166400127, "emit_y": 8.526471300103046e-11, "eta_y": -7.66943289552481e-06, "etap_y": 1.8487001872019557e-06, "norm_emit_y": 1.6686627050792886e-06}