{"PDrive_median_x": 4.033850338096994e-08, "PDrive_median_y": 1.0536799904328713e-06, "PDrive_median_xp": -1.0681709641668104e-05, "PDrive_median_yp": 1.0059960895089301e-07, "PDrive_sigmaSI90_x": 1.4851387667481635e-05, "PDrive_sigmaSI90_y": 9.046275525795954e-06, "PDrive_sigmaSI90_z": 3.792774614508902e-06, "PDrive_sigmaSI90_xp": 3.120909436701485e-05, "PDrive_sigmaSI90_yp": 1.7946116346977504e-05, "PDrive_emitSI90_x": 6.535271767754564e-06, "PDrive_emitSI90_y": 2.936671845465182e-06, "PDrive_norm_emit_x": 1.4291346148643426e-05, "PDrive_norm_emit_y": 4.717465249488558e-06, "PDrive_charge_nC": 1.5997440000000005, "lostChargeFraction": 0.0, "alpha_x": 0.8542888506902666, "beta_x": 0.766516213649459, "gamma_x": 2.2567160480244817, "emit_x": 1.6966921075749601e-10, "eta_x": -0.0021600222076446026, "etap_x": -0.0009712742055070887, "norm_emit_x": 3.3203441435198774e-06, "alpha_y": 0.8446374831134906, "beta_y": 0.594963967102226, "gamma_y": 2.879859239586346, "emit_y": 8.579995815744241e-11, "eta_y": 0.000605684308896832, "etap_y": -0.00017541338643132544, "norm_emit_y": 1.6791388733551559e-06}