{"PDrive_median_x": -6.048278887745931e-06, "PDrive_median_y": 2.0674734694519732e-05, "PDrive_median_xp": 0.00036441618050370216, "PDrive_median_yp": -0.0001362981396687833, "PDrive_sigmaSI90_x": 3.787608382560731e-05, "PDrive_sigmaSI90_y": 2.2188410348106696e-05, "PDrive_sigmaSI90_z": 2.133299479570455e-05, "PDrive_sigmaSI90_xp": 0.0001701917745809484, "PDrive_sigmaSI90_yp": 2.497622628787786e-05, "PDrive_emitSI90_x": 0.00012006234678330973, "PDrive_emitSI90_y": 1.0548715496966296e-05, "PDrive_norm_emit_x": 0.00012817961956359712, "PDrive_norm_emit_y": 1.2901431299553825e-05, "PDrive_charge_nC": 1.5996480000000006, "lostChargeFraction": 0.0, "alpha_x": -0.2275999539934829, "beta_x": 0.34708228963255516, "gamma_x": 3.0304102815829186, "emit_x": 1.8922083410977308e-09, "eta_x": 0.0023692902304092364, "etap_x": 0.017167403702945717, "norm_emit_x": 3.635975585303115e-05, "alpha_y": -0.654759377235437, "beta_y": 0.6768162813707592, "gamma_y": 2.1109271177462876, "emit_y": 2.668781748723173e-10, "eta_y": 0.0012017757353805067, "etap_y": -0.0008082364659940042, "norm_emit_y": 5.12883871874594e-06}