{"PDrive_median_x": -1.5025433832057747e-05, "PDrive_median_y": 5.975334661344099e-06, "PDrive_median_xp": 0.00037263673746940887, "PDrive_median_yp": -0.00015840931390386507, "PDrive_sigmaSI90_x": 4.2645310614009085e-05, "PDrive_sigmaSI90_y": 3.1841141903057896e-05, "PDrive_sigmaSI90_z": 2.1325397281823616e-05, "PDrive_sigmaSI90_xp": 0.00016402498947907122, "PDrive_sigmaSI90_yp": 2.4139610166163377e-05, "PDrive_emitSI90_x": 0.00012393264014065123, "PDrive_emitSI90_y": 1.2343054390207158e-05, "PDrive_norm_emit_x": 0.00012504595592300295, "PDrive_norm_emit_y": 1.595074021820455e-05, "PDrive_charge_nC": 1.5996480000000006, "lostChargeFraction": 0.0, "alpha_x": -0.15911537788475777, "beta_x": 0.359384541961713, "gamma_x": 2.852982206420668, "emit_x": 2.0037072780937575e-09, "eta_x": 0.0030082692659318113, "etap_x": 0.01625016587747851, "norm_emit_x": 3.850753791293544e-05, "alpha_y": -0.5172243808459189, "beta_y": 0.6666179054441929, "gamma_y": 1.9014206636061581, "emit_y": 2.6130600853958855e-10, "eta_y": 0.002407873237725178, "etap_y": 0.000712608689133961, "norm_emit_y": 5.02607806752281e-06}