{"PDrive_median_x": -5.973689546089567e-06, "PDrive_median_y": -7.327490077510011e-06, "PDrive_median_xp": 0.0003643294546545123, "PDrive_median_yp": -0.0001843741866013727, "PDrive_sigmaSI90_x": 3.784197554067467e-05, "PDrive_sigmaSI90_y": 4.212796603007778e-05, "PDrive_sigmaSI90_z": 2.1376620559070805e-05, "PDrive_sigmaSI90_xp": 0.00017015250016061845, "PDrive_sigmaSI90_yp": 3.6755777956352044e-05, "PDrive_emitSI90_x": 0.00012010899865662565, "PDrive_emitSI90_y": 1.721061696082622e-05, "PDrive_norm_emit_x": 0.0001280655182862828, "PDrive_norm_emit_y": 2.16999598574202e-05, "PDrive_charge_nC": 1.5996480000000006, "lostChargeFraction": 0.0, "alpha_x": -0.22910139033141758, "beta_x": 0.34685246124568975, "gamma_x": 3.03439521020515, "emit_x": 1.886677201346936e-09, "eta_x": 0.0023681022565050546, "etap_x": 0.017169059585740002, "norm_emit_x": 3.6253524925454964e-05, "alpha_y": -0.46762895509852725, "beta_y": 0.6688009890231038, "gamma_y": 1.8221815751597834, "emit_y": 2.934262713404488e-10, "eta_y": 0.003634899800053857, "etap_y": 0.002462693283275011, "norm_emit_y": 5.644469207281917e-06}