{"PDrive_median_x": -1.2223835089417188e-06, "PDrive_median_y": 5.925576859475987e-06, "PDrive_median_xp": 0.0003522639170094337, "PDrive_median_yp": -0.00015856416397196348, "PDrive_sigmaSI90_x": 3.7005975918981006e-05, "PDrive_sigmaSI90_y": 3.170364744645799e-05, "PDrive_sigmaSI90_z": 2.147699986793486e-05, "PDrive_sigmaSI90_xp": 0.00017620147265249455, "PDrive_sigmaSI90_yp": 2.4661377005945342e-05, "PDrive_emitSI90_x": 0.00012288726534962792, "PDrive_emitSI90_y": 1.2715158238339655e-05, "PDrive_norm_emit_x": 0.00013428668717415022, "PDrive_norm_emit_y": 1.644598587828425e-05, "PDrive_charge_nC": 1.5996480000000006, "lostChargeFraction": 0.0, "alpha_x": -0.26663705728676124, "beta_x": 0.3471890110062234, "gamma_x": 3.085049602273685, "emit_x": 1.8089707996188383e-09, "eta_x": 0.00219382509493002, "etap_x": 0.017905952717625934, "norm_emit_x": 3.476074119730719e-05, "alpha_y": -0.480461531348132, "beta_y": 0.6268306225993179, "gamma_y": 1.963597882313689, "emit_y": 2.663893772747319e-10, "eta_y": 0.0024054869908741103, "etap_y": 0.0007208701919531043, "norm_emit_y": 5.123879568369463e-06}