{"PDrive_median_x": -1.0657852548866034e-05, "PDrive_median_y": 6.156373815421552e-06, "PDrive_median_xp": 0.000375959077790671, "PDrive_median_yp": -0.0001585822854933032, "PDrive_sigmaSI90_x": 3.868188450801532e-05, "PDrive_sigmaSI90_y": 3.1764770746372645e-05, "PDrive_sigmaSI90_z": 2.1226110673265233e-05, "PDrive_sigmaSI90_xp": 0.00016465502975428382, "PDrive_sigmaSI90_yp": 2.454218181053033e-05, "PDrive_emitSI90_x": 0.00011715166591844768, "PDrive_emitSI90_y": 1.2523220641713337e-05, "PDrive_norm_emit_x": 0.00012283714637355004, "PDrive_norm_emit_y": 1.626316669690616e-05, "PDrive_charge_nC": 1.5996480000000006, "lostChargeFraction": 0.0, "alpha_x": -0.18402756965869566, "beta_x": 0.34104339903141057, "gamma_x": 3.0314797158682594, "emit_x": 1.939368280850769e-09, "eta_x": 0.002539137308280868, "etap_x": 0.016464821237421302, "norm_emit_x": 3.7267242406585426e-05, "alpha_y": -0.5386530450764008, "beta_y": 0.6564076103103123, "gamma_y": 1.9654664003060092, "emit_y": 2.648744957567891e-10, "eta_y": 0.0024139908526539062, "etap_y": 0.000740484193214607, "norm_emit_y": 5.09442402295292e-06}