{"PDrive_median_x": -6.080888265004712e-06, "PDrive_median_y": 1.4053997164013712e-05, "PDrive_median_xp": 0.0003643927631397935, "PDrive_median_yp": -0.00016020373909860262, "PDrive_sigmaSI90_x": 3.779792593094668e-05, "PDrive_sigmaSI90_y": 2.8514531550931904e-05, "PDrive_sigmaSI90_z": 2.1351797680109966e-05, "PDrive_sigmaSI90_xp": 0.00017042150284509502, "PDrive_sigmaSI90_yp": 2.5221143937196795e-05, "PDrive_emitSI90_x": 0.00012005804499184901, "PDrive_emitSI90_y": 1.1077425837308948e-05, "PDrive_norm_emit_x": 0.00012829394120657066, "PDrive_norm_emit_y": 1.4558851972538417e-05, "PDrive_charge_nC": 1.5996480000000006, "lostChargeFraction": 0.0, "alpha_x": -0.22785549407022138, "beta_x": 0.3464612338951391, "gamma_x": 3.0361784328701003, "emit_x": 1.8886470057716217e-09, "eta_x": 0.002358586570141693, "etap_x": 0.017190978966524596, "norm_emit_x": 3.629152595950034e-05, "alpha_y": -0.541261586974086, "beta_y": 0.6582448183481568, "gamma_y": 1.964260210628556, "emit_y": 2.6979196132112924e-10, "eta_y": 0.0020833872530171597, "etap_y": 0.0009189372070364895, "norm_emit_y": 5.188281466405829e-06}