{"PDrive_median_x": -5.8572291161721685e-06, "PDrive_median_y": -1.891552292721349e-06, "PDrive_median_xp": 0.00036390229005064077, "PDrive_median_yp": -0.00015435884892707632, "PDrive_sigmaSI90_x": 3.7870373127401286e-05, "PDrive_sigmaSI90_y": 3.4723426199934265e-05, "PDrive_sigmaSI90_z": 2.134799702246053e-05, "PDrive_sigmaSI90_xp": 0.0001704695004664881, "PDrive_sigmaSI90_yp": 2.3587483143418776e-05, "PDrive_emitSI90_x": 0.00012008789856379636, "PDrive_emitSI90_y": 1.415601920674171e-05, "PDrive_norm_emit_x": 0.0001282676293713005, "PDrive_norm_emit_y": 1.8250653531404462e-05, "PDrive_charge_nC": 1.5996480000000006, "lostChargeFraction": 0.0, "alpha_x": -0.22946427953960793, "beta_x": 0.34602794002784215, "gamma_x": 3.04210652902749, "emit_x": 1.885062800857279e-09, "eta_x": 0.0023629743357957635, "etap_x": 0.01719082087624812, "norm_emit_x": 3.622274068202188e-05, "alpha_y": -0.47993432690728544, "beta_y": 0.626607852823533, "gamma_y": 1.963487933641393, "emit_y": 2.6326323130454757e-10, "eta_y": 0.002704962494162002, "etap_y": 0.00036095861972224003, "norm_emit_y": 5.0644869046388715e-06}