{"PDrive_median_x": -7.146815496631752e-05, "PDrive_median_y": -6.016879478422691e-06, "PDrive_median_xp": 5.9529436686298835e-05, "PDrive_median_yp": -2.7990701771460646e-05, "PDrive_sigmaSI90_x": 3.386817471866916e-05, "PDrive_sigmaSI90_y": 1.980227973509285e-05, "PDrive_sigmaSI90_z": 2.07328071996242e-05, "PDrive_sigmaSI90_xp": 0.00010984237461056517, "PDrive_sigmaSI90_yp": 3.5212869179126806e-05, "PDrive_emitSI90_x": 7.27618871168246e-05, "PDrive_emitSI90_y": 1.2697470581341242e-05, "PDrive_norm_emit_x": 9.469590615196852e-05, "PDrive_norm_emit_y": 1.4988721324535066e-05, "PDrive_charge_nC": 1.6000000000000012, "lostChargeFraction": 0.0, "alpha_x": 0.6661465048798134, "beta_x": 0.37147701404611455, "gamma_x": 3.8865154811015215, "emit_x": 1.6116919424372105e-09, "eta_x": 0.0024874927736602418, "etap_x": 0.005447559635946169, "norm_emit_x": 3.1038864146374605e-05, "alpha_y": -0.42726853170721973, "beta_y": 0.48128810465922056, "gamma_y": 2.4570696569044905, "emit_y": 2.3209982697897083e-10, "eta_y": 0.001059002350201274, "etap_y": -0.0018318605374758217, "norm_emit_y": 4.4637471158375505e-06}