{"PDrive_median_x": 2.726929224264849e-05, "PDrive_median_y": -1.3107487391415631e-05, "PDrive_median_xp": -2.0771868568040053e-05, "PDrive_median_yp": -0.00010627283939914037, "PDrive_sigmaSI90_x": 2.671394509541481e-05, "PDrive_sigmaSI90_y": 3.1730268840573416e-05, "PDrive_sigmaSI90_z": 2.1318487479005108e-05, "PDrive_sigmaSI90_xp": 0.00013378063537258157, "PDrive_sigmaSI90_yp": 5.1717671673184946e-05, "PDrive_emitSI90_x": 5.3779775015321736e-05, "PDrive_emitSI90_y": 1.7776228505652375e-05, "PDrive_norm_emit_x": 7.835914947407437e-05, "PDrive_norm_emit_y": 2.0274248262678305e-05, "PDrive_charge_nC": 1.6000000000000012, "lostChargeFraction": 0.0, "alpha_x": 0.5706502929448535, "beta_x": 0.27240729457716434, "gamma_x": 4.86639595645092, "emit_x": 1.156652085350708e-09, "eta_x": -0.0017048369170019097, "etap_x": 0.010229600667011611, "norm_emit_x": 2.2273765258194946e-05, "alpha_y": -0.470184624722851, "beta_y": 0.423391371299698, "gamma_y": 2.884030389134761, "emit_y": 2.5291457077238636e-10, "eta_y": 0.002639942907685186, "etap_y": 0.003863868423100149, "norm_emit_y": 4.86523121149824e-06}