{"PDrive_median_x": -3.796429920187602e-05, "PDrive_median_y": 2.378017169065355e-05, "PDrive_median_xp": -1.48425114963153e-05, "PDrive_median_yp": 1.2542347694683774e-05, "PDrive_sigmaSI90_x": 2.9412567649440937e-05, "PDrive_sigmaSI90_y": 1.879429476094428e-05, "PDrive_sigmaSI90_z": 1.9777481083762627e-05, "PDrive_sigmaSI90_xp": 0.0001358418632385884, "PDrive_sigmaSI90_yp": 5.858631607934937e-05, "PDrive_emitSI90_x": 7.583740369652186e-05, "PDrive_emitSI90_y": 1.4110280267508385e-05, "PDrive_norm_emit_x": 9.976244360404798e-05, "PDrive_norm_emit_y": 1.841780222520934e-05, "PDrive_charge_nC": 1.6000000000000012, "lostChargeFraction": 0.0, "alpha_x": 0.4165229266548213, "beta_x": 0.2966782579114005, "gamma_x": 3.955434269738591, "emit_x": 1.420995796954094e-09, "eta_x": 0.0015861300074261455, "etap_x": 0.00963152035739803, "norm_emit_x": 2.7370662152083287e-05, "alpha_y": -0.3974771539246249, "beta_y": 0.4231718468807019, "gamma_y": 2.7364487888970395, "emit_y": 3.0447331894806944e-10, "eta_y": -0.0011374662146871753, "etap_y": -0.004113468711099294, "norm_emit_y": 5.859666055520825e-06}