{"PDrive_median_x": -4.311752169850749e-06, "PDrive_median_y": 9.123687903921428e-06, "PDrive_median_xp": -3.434358975144793e-05, "PDrive_median_yp": -7.786883570179603e-05, "PDrive_sigmaSI90_x": 2.2168429864276907e-05, "PDrive_sigmaSI90_y": 1.5040625914825722e-05, "PDrive_sigmaSI90_z": 2.0002870021354096e-05, "PDrive_sigmaSI90_xp": 0.00014298665967108187, "PDrive_sigmaSI90_yp": 3.3928359711508583e-05, "PDrive_emitSI90_x": 6.25621286096068e-05, "PDrive_emitSI90_y": 7.69794135026809e-06, "PDrive_norm_emit_x": 9.035561293389527e-05, "PDrive_norm_emit_y": 1.0163585085282446e-05, "PDrive_charge_nC": 1.6000000000000012, "lostChargeFraction": 0.0, "alpha_x": 0.3834429765966371, "beta_x": 0.27006312733662474, "gamma_x": 4.247260733493455, "emit_x": 1.3422665695229988e-09, "eta_x": 4.063985129179192e-05, "etap_x": 0.010765644440414612, "norm_emit_x": 2.585090415655034e-05, "alpha_y": -0.4930799534191432, "beta_y": 0.40748767989737766, "gamma_y": 3.0507127007542802, "emit_y": 2.349997819193163e-10, "eta_y": 0.0007511152854407906, "etap_y": 0.0016919466903803958, "norm_emit_y": 4.5189609242981916e-06}