{"PDrive_median_x": -4.5115370769944746e-05, "PDrive_median_y": 2.311244124457976e-05, "PDrive_median_xp": 5.44769498231965e-05, "PDrive_median_yp": -4.518081538158796e-05, "PDrive_sigmaSI90_x": 2.471596463740998e-05, "PDrive_sigmaSI90_y": 1.1517129391074952e-05, "PDrive_sigmaSI90_z": 2.1637695618533617e-05, "PDrive_sigmaSI90_xp": 0.00010974265852827601, "PDrive_sigmaSI90_yp": 3.004442310180068e-05, "PDrive_emitSI90_x": 5.15524298537774e-05, "PDrive_emitSI90_y": 6.16924719700107e-06, "PDrive_norm_emit_x": 7.498083579279044e-05, "PDrive_norm_emit_y": 8.417424227660573e-06, "PDrive_charge_nC": 1.6000000000000012, "lostChargeFraction": 0.0, "alpha_x": 0.7672707281032121, "beta_x": 0.3742856345189995, "gamma_x": 4.244630901332088, "emit_x": 1.4115823194262715e-09, "eta_x": 0.001029483790757078, "etap_x": 0.005355806510124185, "norm_emit_x": 2.718370078992303e-05, "alpha_y": -0.607780929686387, "beta_y": 0.40134920237175287, "gamma_y": 3.4119854989073417, "emit_y": 2.2784452453231607e-10, "eta_y": 0.00011961704115797745, "etap_y": -9.278735203323089e-05, "norm_emit_y": 4.3800652435037085e-06}