{"PDrive_median_x": 2.7983424853930302e-05, "PDrive_median_y": 7.21478403084859e-06, "PDrive_median_xp": -1.2130763681329502e-05, "PDrive_median_yp": -9.68408437683464e-05, "PDrive_sigmaSI90_x": 2.7545617180118537e-05, "PDrive_sigmaSI90_y": 2.151164271261183e-05, "PDrive_sigmaSI90_z": 2.1797846073009055e-05, "PDrive_sigmaSI90_xp": 0.00012800626530286072, "PDrive_sigmaSI90_yp": 4.5016594653052e-05, "PDrive_emitSI90_x": 5.19965094594213e-05, "PDrive_emitSI90_y": 1.1928164608075585e-05, "PDrive_norm_emit_x": 7.415547772308282e-05, "PDrive_norm_emit_y": 1.4119566865543468e-05, "PDrive_charge_nC": 1.6000000000000012, "lostChargeFraction": 0.0, "alpha_x": 0.6622475697203919, "beta_x": 0.2893297422981901, "gamma_x": 4.972084211508194, "emit_x": 1.1270094458693808e-09, "eta_x": -0.0018658633548201075, "etap_x": 0.00952162177108763, "norm_emit_x": 2.170258878040576e-05, "alpha_y": -0.6320145013852592, "beta_y": 0.4348151057930591, "gamma_y": 3.218476799256584, "emit_y": 2.5757253724699363e-10, "eta_y": 0.0016157989713696727, "etap_y": 0.0032235022062645506, "norm_emit_y": 4.952373964731019e-06}