{"PDrive_median_x": 7.61355249235456e-06, "PDrive_median_y": 1.482214562966138e-05, "PDrive_median_xp": -5.9494029201084025e-05, "PDrive_median_yp": -3.668960652057838e-05, "PDrive_sigmaSI90_x": 2.2498286429182466e-05, "PDrive_sigmaSI90_y": 1.1694659517381747e-05, "PDrive_sigmaSI90_z": 1.9993238126828785e-05, "PDrive_sigmaSI90_xp": 0.00015582093764356233, "PDrive_sigmaSI90_yp": 3.648451287518748e-05, "PDrive_emitSI90_x": 6.699442117765165e-05, "PDrive_emitSI90_y": 7.535017812617662e-06, "PDrive_norm_emit_x": 9.773783485547719e-05, "PDrive_norm_emit_y": 9.828848740640431e-06, "PDrive_charge_nC": 1.6000000000000012, "lostChargeFraction": 0.0, "alpha_x": 0.2800819556487883, "beta_x": 0.2556906016196654, "gamma_x": 4.217776856281235, "emit_x": 1.343606442183356e-09, "eta_x": -0.0003165324866244077, "etap_x": 0.012482592251854323, "norm_emit_x": 2.5876864162391325e-05, "alpha_y": -0.5402038268229076, "beta_y": 0.40975031638486564, "gamma_y": 3.152700859175781, "emit_y": 2.336922519225597e-10, "eta_y": -0.00013119404612719083, "etap_y": -0.0014028875408847515, "norm_emit_y": 4.493115579702204e-06}