{"PDrive_median_x": 1.126037658828278e-05, "PDrive_median_y": 4.6017984237717766e-05, "PDrive_median_xp": -5.6404443413138534e-05, "PDrive_median_yp": -2.8050955863972895e-05, "PDrive_sigmaSI90_x": 2.184149099453795e-05, "PDrive_sigmaSI90_y": 2.0329952770059657e-05, "PDrive_sigmaSI90_z": 2.0021556409579036e-05, "PDrive_sigmaSI90_xp": 0.00014814693096646588, "PDrive_sigmaSI90_yp": 3.637548881477098e-05, "PDrive_emitSI90_x": 6.294664310621556e-05, "PDrive_emitSI90_y": 1.0223647861098946e-05, "PDrive_norm_emit_x": 9.148580902199418e-05, "PDrive_norm_emit_y": 1.3457465810182808e-05, "PDrive_charge_nC": 1.6000000000000012, "lostChargeFraction": 0.0, "alpha_x": 0.33722028888928396, "beta_x": 0.2563130740565497, "gamma_x": 4.345145199237304, "emit_x": 1.309621586832726e-09, "eta_x": -0.0003274928047630529, "etap_x": 0.01155542296269898, "norm_emit_x": 2.5220841014821145e-05, "alpha_y": -0.3652586921592328, "beta_y": 0.36127184308692556, "gamma_y": 3.137288260588752, "emit_y": 2.5197810941964946e-10, "eta_y": -0.0014490854341090787, "etap_y": -0.0014614477030966773, "norm_emit_y": 4.852081376715742e-06}