{"PDrive_median_x": -4.12415292470242e-05, "PDrive_median_y": -1.7826915296021533e-05, "PDrive_median_xp": 1.711763357284809e-05, "PDrive_median_yp": -7.927820930743253e-05, "PDrive_sigmaSI90_x": 2.7126717407238905e-05, "PDrive_sigmaSI90_y": 2.8613480438894253e-05, "PDrive_sigmaSI90_z": 2.020366181509326e-05, "PDrive_sigmaSI90_xp": 0.00012303338928895517, "PDrive_sigmaSI90_yp": 3.2218807054077615e-05, "PDrive_emitSI90_x": 6.517740482949069e-05, "PDrive_emitSI90_y": 1.3577888981778482e-05, "PDrive_norm_emit_x": 8.981743209096947e-05, "PDrive_norm_emit_y": 1.79769029162425e-05, "PDrive_charge_nC": 1.6000000000000012, "lostChargeFraction": 0.0, "alpha_x": 0.5364689938627594, "beta_x": 0.3138662414714092, "gamma_x": 4.103018455692789, "emit_x": 1.4160810058301876e-09, "eta_x": 0.0014079247341961506, "etap_x": 0.007752779826950163, "norm_emit_x": 2.7274918694294704e-05, "alpha_y": -0.45627195710595714, "beta_y": 0.43302611368053723, "gamma_y": 2.7900952406132062, "emit_y": 2.439913137267849e-10, "eta_y": 0.002199924408398824, "etap_y": 0.0011939825976994207, "norm_emit_y": 4.695026508759366e-06}