{"PDrive_median_x": -2.74111819381878e-05, "PDrive_median_y": 2.4995058563826945e-05, "PDrive_median_xp": -7.812720755591612e-06, "PDrive_median_yp": -4.640423906417262e-05, "PDrive_sigmaSI90_x": 2.7504941648761257e-05, "PDrive_sigmaSI90_y": 1.1571493740275325e-05, "PDrive_sigmaSI90_z": 2.008547438378017e-05, "PDrive_sigmaSI90_xp": 0.00012687339957864302, "PDrive_sigmaSI90_yp": 3.0242048703249698e-05, "PDrive_emitSI90_x": 6.77316971392793e-05, "PDrive_emitSI90_y": 6.009862020759139e-06, "PDrive_norm_emit_x": 9.248579900377752e-05, "PDrive_norm_emit_y": 8.362118423925941e-06, "PDrive_charge_nC": 1.6000000000000012, "lostChargeFraction": 0.0, "alpha_x": 0.45177403891885426, "beta_x": 0.29104598612521315, "gamma_x": 4.137146154364175, "emit_x": 1.3553819459732742e-09, "eta_x": 0.0013402935770750093, "etap_x": 0.008535299004161655, "norm_emit_x": 2.610232417281053e-05, "alpha_y": -0.5754710764587521, "beta_y": 0.4335629463660538, "gamma_y": 3.070296876146563, "emit_y": 2.298850045282437e-10, "eta_y": -0.0001395717987451147, "etap_y": -0.0005433418513712853, "norm_emit_y": 4.42018278428858e-06}