{"PDrive_median_x": -1.2164844209279598e-05, "PDrive_median_y": -7.057748371270792e-06, "PDrive_median_xp": 7.530226511389742e-06, "PDrive_median_yp": -7.735335965357561e-05, "PDrive_sigmaSI90_x": 2.131539790986542e-05, "PDrive_sigmaSI90_y": 2.4876056859511166e-05, "PDrive_sigmaSI90_z": 2.0926214911820195e-05, "PDrive_sigmaSI90_xp": 0.00012560046658492807, "PDrive_sigmaSI90_yp": 3.358531754940288e-05, "PDrive_emitSI90_x": 5.191891331047303e-05, "PDrive_emitSI90_y": 1.213431502313098e-05, "PDrive_norm_emit_x": 7.669199919450063e-05, "PDrive_norm_emit_y": 1.6026569829709296e-05, "PDrive_charge_nC": 1.6000000000000012, "lostChargeFraction": 0.0, "alpha_x": 0.5923826609929459, "beta_x": 0.30973322810444215, "gamma_x": 4.3615508265375835, "emit_x": 1.2775402768831023e-09, "eta_x": -0.00014496533074984854, "etap_x": 0.008293557753234836, "norm_emit_x": 2.4604358981727882e-05, "alpha_y": -0.5204110646650397, "beta_y": 0.41643739977154354, "gamma_y": 3.0516655730800664, "emit_y": 2.4365826904979986e-10, "eta_y": 0.0018237117128436847, "etap_y": 0.0013785300994452385, "norm_emit_y": 4.6871362348848194e-06}