{"PDrive_median_x": -4.2923586256831854e-05, "PDrive_median_y": 1.276870279852272e-05, "PDrive_median_xp": 2.496834104484844e-05, "PDrive_median_yp": -8.745003599437179e-05, "PDrive_sigmaSI90_x": 2.8282186216802677e-05, "PDrive_sigmaSI90_y": 1.8289042234975683e-05, "PDrive_sigmaSI90_z": 2.0699025968279095e-05, "PDrive_sigmaSI90_xp": 0.00011599608354553006, "PDrive_sigmaSI90_yp": 3.896946522010743e-05, "PDrive_emitSI90_x": 6.441700588397182e-05, "PDrive_emitSI90_y": 9.715326479494466e-06, "PDrive_norm_emit_x": 8.759924752610772e-05, "PDrive_norm_emit_y": 1.1888628458275643e-05, "PDrive_charge_nC": 1.6000000000000012, "lostChargeFraction": 0.0, "alpha_x": 0.5878450066866696, "beta_x": 0.32415858359094485, "gamma_x": 4.15093667112148, "emit_x": 1.3994550256626417e-09, "eta_x": 0.0015910556562816652, "etap_x": 0.006550142630184452, "norm_emit_x": 2.6952512803467643e-05, "alpha_y": -0.6241983775895381, "beta_y": 0.4673945959609113, "gamma_y": 2.973127260336633, "emit_y": 2.5409639829296833e-10, "eta_y": 0.0012015277383520954, "etap_y": 0.0025469908578756913, "norm_emit_y": 4.885391500911296e-06}