{"PDrive_median_x": -2.018282447252987e-05, "PDrive_median_y": -3.3919027767475146e-05, "PDrive_median_xp": 2.1443393562826998e-06, "PDrive_median_yp": -0.0001563770564891022, "PDrive_sigmaSI90_x": 2.3113165509208417e-05, "PDrive_sigmaSI90_y": 4.726936024889786e-05, "PDrive_sigmaSI90_z": 2.0370335295391695e-05, "PDrive_sigmaSI90_xp": 0.00012492729905129576, "PDrive_sigmaSI90_yp": 7.546302423006833e-05, "PDrive_emitSI90_x": 5.731492747041259e-05, "PDrive_emitSI90_y": 2.6880075688210104e-05, "PDrive_norm_emit_x": 8.164868432384022e-05, "PDrive_norm_emit_y": 3.130327180531973e-05, "PDrive_charge_nC": 1.6000000000000012, "lostChargeFraction": 0.0, "alpha_x": 0.4778577413539945, "beta_x": 0.2939295248850899, "gamma_x": 4.179056260007078, "emit_x": 1.2948435567303188e-09, "eta_x": 0.0005702682709966425, "etap_x": 0.008344071758181842, "norm_emit_x": 2.493764547449283e-05, "alpha_y": -0.49891336151642657, "beta_y": 0.5535010887915603, "gamma_y": 2.256390398483826, "emit_y": 3.393410553640234e-10, "eta_y": 0.004332122157982934, "etap_y": 0.006616579661293168, "norm_emit_y": 6.527902977670214e-06}