{"PDrive_median_x": 8.616220400766695e-06, "PDrive_median_y": 2.187552451636543e-05, "PDrive_median_xp": -6.850286167456725e-05, "PDrive_median_yp": -3.7975879546577214e-05, "PDrive_sigmaSI90_x": 2.2851079024274736e-05, "PDrive_sigmaSI90_y": 1.1335686318332665e-05, "PDrive_sigmaSI90_z": 2.0032485693486542e-05, "PDrive_sigmaSI90_xp": 0.00016191782043894524, "PDrive_sigmaSI90_yp": 3.2552781234331474e-05, "PDrive_emitSI90_x": 6.783595154419986e-05, "PDrive_emitSI90_y": 6.132068205422348e-06, "PDrive_norm_emit_x": 0.00010145878448357365, "PDrive_norm_emit_y": 8.682115160764364e-06, "PDrive_charge_nC": 1.6000000000000012, "lostChargeFraction": 0.0, "alpha_x": 0.28776185401681503, "beta_x": 0.25709971276101673, "gamma_x": 4.211622304042409, "emit_x": 1.3423102332749694e-09, "eta_x": -0.0005316608017604585, "etap_x": 0.013190394853678292, "norm_emit_x": 2.585301667840364e-05, "alpha_y": -0.505523662153756, "beta_y": 0.3772386934169793, "gamma_y": 3.328275160813164, "emit_y": 2.2959782536110871e-10, "eta_y": -0.0002762073795817408, "etap_y": -0.0006210525091797828, "norm_emit_y": 4.416466789911032e-06}