{"PDrive_median_x": -7.849614825903136e-05, "PDrive_median_y": -1.910288616805513e-05, "PDrive_median_xp": 2.417273070232623e-05, "PDrive_median_yp": -8.379703483274228e-05, "PDrive_sigmaSI90_x": 4.326601013851908e-05, "PDrive_sigmaSI90_y": 3.2766903488990346e-05, "PDrive_sigmaSI90_z": 1.9623598994667016e-05, "PDrive_sigmaSI90_xp": 0.00011809288285846259, "PDrive_sigmaSI90_yp": 3.804590102317137e-05, "PDrive_emitSI90_x": 9.423063889260445e-05, "PDrive_emitSI90_y": 1.5248605597767062e-05, "PDrive_norm_emit_x": 0.00011372133869889242, "PDrive_norm_emit_y": 1.9921298071508584e-05, "PDrive_charge_nC": 1.6000000000000012, "lostChargeFraction": 0.0, "alpha_x": 0.5032901009869623, "beta_x": 0.3348427124070788, "gamma_x": 3.7429541671726434, "emit_x": 1.6148530984076974e-09, "eta_x": 0.003361556075919487, "etap_x": 0.007094018367495081, "norm_emit_x": 3.110340107708492e-05, "alpha_y": -0.5082933740138937, "beta_y": 0.466434097932727, "gamma_y": 2.697834827349864, "emit_y": 2.4463069788091535e-10, "eta_y": 0.002655593184652113, "etap_y": 0.002156573788840769, "norm_emit_y": 4.706816525412061e-06}