{"PDrive_median_x": 2.657804538216114e-05, "PDrive_median_y": 1.6227304408508318e-05, "PDrive_median_xp": -5.310627832885995e-05, "PDrive_median_yp": -8.415380007794482e-05, "PDrive_sigmaSI90_x": 2.455217497931717e-05, "PDrive_sigmaSI90_y": 1.3656957777459933e-05, "PDrive_sigmaSI90_z": 2.0340145747384744e-05, "PDrive_sigmaSI90_xp": 0.00014919802354315437, "PDrive_sigmaSI90_yp": 3.73003987376212e-05, "PDrive_emitSI90_x": 5.903413500148465e-05, "PDrive_emitSI90_y": 7.5306029143585115e-06, "PDrive_norm_emit_x": 8.983249615240219e-05, "PDrive_norm_emit_y": 9.792572668556722e-06, "PDrive_charge_nC": 1.6000000000000012, "lostChargeFraction": 0.0, "alpha_x": 0.41513899578807456, "beta_x": 0.25276349857562, "gamma_x": 4.6380920996517965, "emit_x": 1.2272617024860426e-09, "eta_x": -0.0012804121134386728, "etap_x": 0.01204979714964674, "norm_emit_x": 2.363487271173504e-05, "alpha_y": -0.5464231389883113, "beta_y": 0.4096693459667231, "gamma_y": 3.16982039199809, "emit_y": 2.391043630798991e-10, "eta_y": 0.000674101470556649, "etap_y": 0.0022565423875680417, "norm_emit_y": 4.597667277175251e-06}