{"PDrive_median_x": -4.756400883166417e-05, "PDrive_median_y": 2.320129737492513e-05, "PDrive_median_xp": 1.2245582085745854e-05, "PDrive_median_yp": -1.6672479272415743e-05, "PDrive_sigmaSI90_x": 3.1567531576029435e-05, "PDrive_sigmaSI90_y": 1.3347738238613176e-05, "PDrive_sigmaSI90_z": 1.9971265101775644e-05, "PDrive_sigmaSI90_xp": 0.00012219150661765352, "PDrive_sigmaSI90_yp": 4.2588522109328624e-05, "PDrive_emitSI90_x": 7.417268642937464e-05, "PDrive_emitSI90_y": 8.662134980261061e-06, "PDrive_norm_emit_x": 9.703229284117399e-05, "PDrive_norm_emit_y": 1.1773029993384333e-05, "PDrive_charge_nC": 1.6000000000000012, "lostChargeFraction": 0.0, "alpha_x": 0.4912965986519548, "beta_x": 0.3091340944791796, "gamma_x": 4.0156435993849495, "emit_x": 1.4314224499871385e-09, "eta_x": 0.0019923889657925656, "etap_x": 0.0077385002213681475, "norm_emit_x": 2.7569437628099398e-05, "alpha_y": -0.5222639969970758, "beta_y": 0.43250478328385134, "gamma_y": 2.942764408050614, "emit_y": 2.6066954481338865e-10, "eta_y": -0.0005028960167099369, "etap_y": -0.0022650629863706835, "norm_emit_y": 5.014459257886018e-06}