{"PDrive_median_x": 1.170623848496665e-06, "PDrive_median_y": 2.076437982323629e-05, "PDrive_median_xp": 1.5629937508503777e-05, "PDrive_median_yp": 1.9446130742308354e-05, "PDrive_sigmaSI90_x": 2.247873677753701e-05, "PDrive_sigmaSI90_y": 1.530059292344612e-05, "PDrive_sigmaSI90_z": 2.1497277564264908e-05, "PDrive_sigmaSI90_xp": 0.00012111471207168946, "PDrive_sigmaSI90_yp": 6.35145447774657e-05, "PDrive_emitSI90_x": 4.7733551712513936e-05, "PDrive_emitSI90_y": 1.4866622649060471e-05, "PDrive_norm_emit_x": 6.993681502740921e-05, "PDrive_norm_emit_y": 1.911729980304385e-05, "PDrive_charge_nC": 1.6000000000000012, "lostChargeFraction": 0.0, "alpha_x": 0.6835658589968727, "beta_x": 0.31984367043482104, "gamma_x": 4.587435735687434, "emit_x": 1.1657926978181891e-09, "eta_x": -0.0008056373474238387, "etap_x": 0.008049466679408356, "norm_emit_x": 2.2449969720168278e-05, "alpha_y": -0.4153368077667711, "beta_y": 0.4183434611319249, "gamma_y": 2.802732139552055, "emit_y": 3.0801543513000267e-10, "eta_y": -0.000602210657423239, "etap_y": -0.004630999201035233, "norm_emit_y": 5.9276141101877656e-06}