{"PDrive_median_x": 1.1887433307800864e-05, "PDrive_median_y": -3.4102337615973284e-05, "PDrive_median_xp": -4.6105056005444924e-05, "PDrive_median_yp": -0.000187895638539374, "PDrive_sigmaSI90_x": 2.210056697328482e-05, "PDrive_sigmaSI90_y": 5.076096735862338e-05, "PDrive_sigmaSI90_z": 2.0116666676721168e-05, "PDrive_sigmaSI90_xp": 0.0001435134157847901, "PDrive_sigmaSI90_yp": 9.742015222763974e-05, "PDrive_emitSI90_x": 5.743658466832052e-05, "PDrive_emitSI90_y": 3.0846813068664136e-05, "PDrive_norm_emit_x": 8.683104812891728e-05, "PDrive_norm_emit_y": 3.86727955527281e-05, "PDrive_charge_nC": 1.6000000000000012, "lostChargeFraction": 0.0, "alpha_x": 0.36669924207591753, "beta_x": 0.2656562767209228, "gamma_x": 4.2704367769591, "emit_x": 1.2256865829638719e-09, "eta_x": -0.000706303608090281, "etap_x": 0.011170640433756455, "norm_emit_x": 2.3605906006596598e-05, "alpha_y": -0.5333870230846565, "beta_y": 0.6237990389867308, "gamma_y": 2.059159498677001, "emit_y": 4.3623263738348785e-10, "eta_y": 0.004792446434608618, "etap_y": 0.00888378689862905, "norm_emit_y": 8.392286017224797e-06}