{"PDrive_median_x": -2.0424095103812564e-06, "PDrive_median_y": -2.3811238543687386e-05, "PDrive_median_xp": 1.3275224065167032e-05, "PDrive_median_yp": -5.1307291280015816e-05, "PDrive_sigmaSI90_x": 2.2695496880431645e-05, "PDrive_sigmaSI90_y": 3.12090822848367e-05, "PDrive_sigmaSI90_z": 2.1256464684435307e-05, "PDrive_sigmaSI90_xp": 0.00012638768847040424, "PDrive_sigmaSI90_yp": 2.9652436435458567e-05, "PDrive_emitSI90_x": 4.943475493222296e-05, "PDrive_emitSI90_y": 1.5842279394964922e-05, "PDrive_norm_emit_x": 7.338102695255303e-05, "PDrive_norm_emit_y": 2.044115057488623e-05, "PDrive_charge_nC": 1.6000000000000012, "lostChargeFraction": 0.0, "alpha_x": 0.6524714662340626, "beta_x": 0.3130154964130752, "gamma_x": 4.554787320715131, "emit_x": 1.1915278977146535e-09, "eta_x": -0.0009316480359755638, "etap_x": 0.00867282258307081, "norm_emit_x": 2.2946980586978573e-05, "alpha_y": -0.42509982816453784, "beta_y": 0.42212425234391926, "gamma_y": 2.7970671131767957, "emit_y": 2.4696738676046106e-10, "eta_y": 0.0024866988398250757, "etap_y": 0.0004962924201486942, "norm_emit_y": 4.753583626146645e-06}