{"PDrive_median_x": -2.0362638131938153e-05, "PDrive_median_y": -5.077088807335352e-05, "PDrive_median_xp": -4.366492101074096e-05, "PDrive_median_yp": -6.691516572677862e-05, "PDrive_sigmaSI90_x": 2.554047440436639e-05, "PDrive_sigmaSI90_y": 4.0444068153532433e-05, "PDrive_sigmaSI90_z": 2.0052746421669272e-05, "PDrive_sigmaSI90_xp": 0.00015668797914521993, "PDrive_sigmaSI90_yp": 3.018732550191778e-05, "PDrive_emitSI90_x": 7.822533434361902e-05, "PDrive_emitSI90_y": 1.9770363850440884e-05, "PDrive_norm_emit_x": 0.00010386265529618295, "PDrive_norm_emit_y": 2.620563271605997e-05, "PDrive_charge_nC": 1.6000000000000012, "lostChargeFraction": 0.0, "alpha_x": 0.28359577486403115, "beta_x": 0.2700351926201901, "gamma_x": 4.00105835479145, "emit_x": 1.4099527672152133e-09, "eta_x": 0.0006494425174515058, "etap_x": 0.012396204219178107, "norm_emit_x": 2.7156884877361105e-05, "alpha_y": -0.31626011838746504, "beta_y": 0.43583710111194135, "gamma_y": 2.5239257045258325, "emit_y": 2.6741677487592544e-10, "eta_y": 0.0034281520448752947, "etap_y": 0.0006280038761715428, "norm_emit_y": 5.149345149007678e-06}