{"PDrive_median_x": -2.6201304074554692e-05, "PDrive_median_y": 5.2316269401468803e-05, "PDrive_median_xp": -5.119708292715415e-05, "PDrive_median_yp": -2.340427213328529e-05, "PDrive_sigmaSI90_x": 3.3264457834683446e-05, "PDrive_sigmaSI90_y": 2.3988275503857546e-05, "PDrive_sigmaSI90_z": 1.9841392526436585e-05, "PDrive_sigmaSI90_xp": 0.00014264882452569004, "PDrive_sigmaSI90_yp": 3.724522690392099e-05, "PDrive_emitSI90_x": 8.43474938007118e-05, "PDrive_emitSI90_y": 1.1897381987935579e-05, "PDrive_norm_emit_x": 0.00010743575788686312, "PDrive_norm_emit_y": 1.5023865799525242e-05, "PDrive_charge_nC": 1.6000000000000012, "lostChargeFraction": 0.0, "alpha_x": 0.26698372518068075, "beta_x": 0.2691579449124125, "gamma_x": 3.9801177329540156, "emit_x": 1.388762945598089e-09, "eta_x": 0.0019228074385559484, "etap_x": 0.010880144167681733, "norm_emit_x": 2.674446768278703e-05, "alpha_y": -0.39781634798090776, "beta_y": 0.41092052464331147, "gamma_y": 2.818690664639498, "emit_y": 2.5416919123982186e-10, "eta_y": -0.0018307738808281022, "etap_y": -0.0018200750350535835, "norm_emit_y": 4.894234154227046e-06}