{"PDrive_median_x": 2.4519240074654343e-05, "PDrive_median_y": -3.0436050576136257e-05, "PDrive_median_xp": -7.18514855607069e-05, "PDrive_median_yp": -7.036001837661286e-05, "PDrive_sigmaSI90_x": 2.668883912930335e-05, "PDrive_sigmaSI90_y": 3.1387510146727544e-05, "PDrive_sigmaSI90_z": 2.01296665238601e-05, "PDrive_sigmaSI90_xp": 0.00016667763737498857, "PDrive_sigmaSI90_yp": 3.1248749305030495e-05, "PDrive_emitSI90_x": 7.201122849497446e-05, "PDrive_emitSI90_y": 1.5705172493979288e-05, "PDrive_norm_emit_x": 0.0001054331779021656, "PDrive_norm_emit_y": 2.0575794064555807e-05, "PDrive_charge_nC": 1.6000000000000012, "lostChargeFraction": 0.0, "alpha_x": 0.28433311747511836, "beta_x": 0.24820733731521638, "gamma_x": 4.354606650167139, "emit_x": 1.305472822006522e-09, "eta_x": -0.0014434764835521798, "etap_x": 0.014094376740787366, "norm_emit_x": 2.5142829330533844e-05, "alpha_y": -0.34998360454931216, "beta_y": 0.40351877760821137, "gamma_y": 2.781750406032374, "emit_y": 2.5258373392044385e-10, "eta_y": 0.0024933524945899167, "etap_y": 0.0007634035412212927, "norm_emit_y": 4.862308463775987e-06}