{"PDrive_median_x": 3.452350334832474e-05, "PDrive_median_y": 3.3847713330959706e-05, "PDrive_median_xp": -6.89131440433747e-05, "PDrive_median_yp": -3.6762598973685705e-05, "PDrive_sigmaSI90_x": 2.656991872300442e-05, "PDrive_sigmaSI90_y": 1.552323109959267e-05, "PDrive_sigmaSI90_z": 2.022567710500215e-05, "PDrive_sigmaSI90_xp": 0.00015682013252213729, "PDrive_sigmaSI90_yp": 3.42631352862639e-05, "PDrive_emitSI90_x": 6.258946209657812e-05, "PDrive_emitSI90_y": 8.030064042069092e-06, "PDrive_norm_emit_x": 9.640293667254221e-05, "PDrive_norm_emit_y": 1.0706472442920968e-05, "PDrive_charge_nC": 1.6000000000000012, "lostChargeFraction": 0.0, "alpha_x": 0.352898391631308, "beta_x": 0.241346779954118, "gamma_x": 4.659425226347532, "emit_x": 1.260830622811834e-09, "eta_x": -0.0015595793255740711, "etap_x": 0.013138848267973246, "norm_emit_x": 2.4280902719217927e-05, "alpha_y": -0.3517699651841442, "beta_y": 0.3482645744338227, "gamma_y": 3.226690829041493, "emit_y": 2.4192456764860993e-10, "eta_y": -0.0009104972602700979, "etap_y": -0.0010255557072994111, "norm_emit_y": 4.656933883819881e-06}