{"PDrive_median_x": -1.7418120828881543e-05, "PDrive_median_y": 2.6506418371080476e-05, "PDrive_median_xp": -3.8020056738075554e-05, "PDrive_median_yp": 4.186219274195637e-05, "PDrive_sigmaSI90_x": 2.4750439658179873e-05, "PDrive_sigmaSI90_y": 2.3443938298466274e-05, "PDrive_sigmaSI90_z": 1.9897951197427806e-05, "PDrive_sigmaSI90_xp": 0.00014736882440814908, "PDrive_sigmaSI90_yp": 7.524798747908732e-05, "PDrive_emitSI90_x": 7.151357653082791e-05, "PDrive_emitSI90_y": 2.0103023141052633e-05, "PDrive_norm_emit_x": 9.708829622097444e-05, "PDrive_norm_emit_y": 2.6292524730126007e-05, "PDrive_charge_nC": 1.6000000000000012, "lostChargeFraction": 0.0, "alpha_x": 0.3493369491500712, "beta_x": 0.2803904627134785, "gamma_x": 4.001692115997719, "emit_x": 1.3838742011407503e-09, "eta_x": 0.0005959874279789603, "etap_x": 0.011245710641978749, "norm_emit_x": 2.6654356833306693e-05, "alpha_y": -0.3619211817922328, "beta_y": 0.4512729169638608, "gamma_y": 2.5062149739432713, "emit_y": 3.58433605741484e-10, "eta_y": -0.0015846440547400919, "etap_y": -0.005897413156131212, "norm_emit_y": 6.899909846021215e-06}