{"PDrive_median_x": -1.7220608805453656e-05, "PDrive_median_y": 4.5913317962962775e-05, "PDrive_median_xp": -4.235204058142818e-05, "PDrive_median_yp": 4.504807126762543e-05, "PDrive_sigmaSI90_x": 2.6492695679430054e-05, "PDrive_sigmaSI90_y": 2.99860065084709e-05, "PDrive_sigmaSI90_z": 1.9870216777913723e-05, "PDrive_sigmaSI90_xp": 0.00014321200744404891, "PDrive_sigmaSI90_yp": 7.516395770293909e-05, "PDrive_emitSI90_x": 7.342151343736554e-05, "PDrive_emitSI90_y": 2.0009988930762737e-05, "PDrive_norm_emit_x": 9.755030108259222e-05, "PDrive_norm_emit_y": 2.7357105213176878e-05, "PDrive_charge_nC": 1.6000000000000012, "lostChargeFraction": 0.0, "alpha_x": 0.3017451202675267, "beta_x": 0.27317308156011266, "gamma_x": 3.993988395101715, "emit_x": 1.3666528405712433e-09, "eta_x": 0.0009931529078266524, "etap_x": 0.010872633822610776, "norm_emit_x": 2.6320046566711044e-05, "alpha_y": -0.43307101944186555, "beta_y": 0.4775347296843559, "gamma_y": 2.486835897077835, "emit_y": 3.542213177577137e-10, "eta_y": -0.0024157686592913346, "etap_y": -0.005992096462548302, "norm_emit_y": 6.8193292324953e-06}