{"PDrive_median_x": 1.1447591087914018e-05, "PDrive_median_y": -1.1759123682802671e-05, "PDrive_median_xp": -5.237303153010549e-05, "PDrive_median_yp": -6.574321214662043e-05, "PDrive_sigmaSI90_x": 2.3020819142539545e-05, "PDrive_sigmaSI90_y": 2.4115252787369903e-05, "PDrive_sigmaSI90_z": 2.002639716973329e-05, "PDrive_sigmaSI90_xp": 0.0001551112224394411, "PDrive_sigmaSI90_yp": 3.054833358948019e-05, "PDrive_emitSI90_x": 6.315167989747325e-05, "PDrive_emitSI90_y": 1.2114130949179353e-05, "PDrive_norm_emit_x": 9.56829739366631e-05, "PDrive_norm_emit_y": 1.5601953928967832e-05, "PDrive_charge_nC": 1.6000000000000012, "lostChargeFraction": 0.0, "alpha_x": 0.3549578884659872, "beta_x": 0.2589160169877093, "gamma_x": 4.348881601394646, "emit_x": 1.3019397988686904e-09, "eta_x": -0.0008127655863951039, "etap_x": 0.012437952998271195, "norm_emit_x": 2.5074503551150505e-05, "alpha_y": -0.45500888276163487, "beta_y": 0.4143888878411251, "gamma_y": 2.9128027290508878, "emit_y": 2.4566208795926546e-10, "eta_y": 0.0016919757532476453, "etap_y": 0.0007617174186203595, "norm_emit_y": 4.726754343011203e-06}