{"PDrive_median_x": -2.633662651883561e-05, "PDrive_median_y": -1.261501572267306e-05, "PDrive_median_xp": -4.484234420211565e-05, "PDrive_median_yp": -6.648391253475745e-05, "PDrive_sigmaSI90_x": 2.9337966503204256e-05, "PDrive_sigmaSI90_y": 2.4030560108084264e-05, "PDrive_sigmaSI90_z": 1.990518418988731e-05, "PDrive_sigmaSI90_xp": 0.00014892749524489157, "PDrive_sigmaSI90_yp": 2.813860605673295e-05, "PDrive_emitSI90_x": 8.186237960108524e-05, "PDrive_emitSI90_y": 1.136153703107794e-05, "PDrive_norm_emit_x": 0.00010495323918070161, "PDrive_norm_emit_y": 1.4807903080830564e-05, "PDrive_charge_nC": 1.6000000000000012, "lostChargeFraction": 0.0, "alpha_x": 0.2712631893626418, "beta_x": 0.27043792588726673, "gamma_x": 3.969797188692834, "emit_x": 1.4105473705629931e-09, "eta_x": 0.001395226160744296, "etap_x": 0.011467649710143035, "norm_emit_x": 2.716729967544523e-05, "alpha_y": -0.4545244725818211, "beta_y": 0.46164932371186296, "gamma_y": 2.613655937962283, "emit_y": 2.437040356415353e-10, "eta_y": 0.0016341085139469913, "etap_y": 0.0004919903797804833, "norm_emit_y": 4.689259803675393e-06}