{"PDrive_median_x": -2.3192248429977908e-05, "PDrive_median_y": 3.345117631492073e-05, "PDrive_median_xp": -2.6403560104767807e-05, "PDrive_median_yp": -3.738572796507042e-05, "PDrive_sigmaSI90_x": 2.6491012695773443e-05, "PDrive_sigmaSI90_y": 1.4395867898207307e-05, "PDrive_sigmaSI90_z": 1.982687349445824e-05, "PDrive_sigmaSI90_xp": 0.0001362224388798915, "PDrive_sigmaSI90_yp": 3.270514907695008e-05, "PDrive_emitSI90_x": 7.04403857688009e-05, "PDrive_emitSI90_y": 7.090139055667109e-06, "PDrive_norm_emit_x": 9.555840204546363e-05, "PDrive_norm_emit_y": 9.880708854838824e-06, "PDrive_charge_nC": 1.6000000000000012, "lostChargeFraction": 0.0, "alpha_x": 0.39532475540587464, "beta_x": 0.28116091852962394, "gamma_x": 4.11252626532761, "emit_x": 1.3641095564294865e-09, "eta_x": 0.0011270068616609289, "etap_x": 0.009901707273347066, "norm_emit_x": 2.627144463713872e-05, "alpha_y": -0.44474546341029975, "beta_y": 0.3865315357316708, "gamma_y": 3.098837782942375, "emit_y": 2.446561894666693e-10, "eta_y": -0.0007294872776264336, "etap_y": -0.0008294914472647039, "norm_emit_y": 4.708783340278258e-06}