{"PDrive_median_x": -8.449277608886143e-07, "PDrive_median_y": 3.191061918409e-05, "PDrive_median_xp": -7.972528501946889e-07, "PDrive_median_yp": -1.1591166486328e-05, "PDrive_sigmaSI90_x": 2.1387662707326658e-05, "PDrive_sigmaSI90_y": 1.6648854826760366e-05, "PDrive_sigmaSI90_z": 2.1008391234587014e-05, "PDrive_sigmaSI90_xp": 0.00012663493152757188, "PDrive_sigmaSI90_yp": 4.802324938515694e-05, "PDrive_emitSI90_x": 5.076826314190109e-05, "PDrive_emitSI90_y": 1.041151877666231e-05, "PDrive_norm_emit_x": 7.578896402286173e-05, "PDrive_norm_emit_y": 1.3610504871063306e-05, "PDrive_charge_nC": 1.6000000000000012, "lostChargeFraction": 0.0, "alpha_x": 0.5700524580738292, "beta_x": 0.2984692818237878, "gamma_x": 4.439183144274971, "emit_x": 1.235048090384093e-09, "eta_x": -0.00042566880440173444, "etap_x": 0.008712396512284892, "norm_emit_x": 2.3783665250936802e-05, "alpha_y": -0.4744035146279796, "beta_y": 0.3867290726663673, "gamma_y": 3.1677439873992674, "emit_y": 2.711656480777254e-10, "eta_y": -0.001010943793143251, "etap_y": -0.0028365076118322735, "norm_emit_y": 5.218290051433991e-06}