{"PDrive_median_x": 2.8798864027543473e-05, "PDrive_median_y": -6.660263885073741e-06, "PDrive_median_xp": -7.71469693657942e-05, "PDrive_median_yp": -9.653322771162188e-05, "PDrive_sigmaSI90_x": 2.5036516039251236e-05, "PDrive_sigmaSI90_y": 2.3446979291279794e-05, "PDrive_sigmaSI90_z": 2.013617807631261e-05, "PDrive_sigmaSI90_xp": 0.0001643664654220731, "PDrive_sigmaSI90_yp": 4.5060888672960346e-05, "PDrive_emitSI90_x": 7.095140678629701e-05, "PDrive_emitSI90_y": 1.2839477677973945e-05, "PDrive_norm_emit_x": 0.00010322318611898502, "PDrive_norm_emit_y": 1.564958869637373e-05, "PDrive_charge_nC": 1.6000000000000012, "lostChargeFraction": 0.0, "alpha_x": 0.25221050599828504, "beta_x": 0.2377763418599766, "gamma_x": 4.473153767174437, "emit_x": 1.2956967574487002e-09, "eta_x": -0.0011892221770166197, "etap_x": 0.01398238618850394, "norm_emit_x": 2.4953242372456293e-05, "alpha_y": -0.3758709518838763, "beta_y": 0.4172616952298491, "gamma_y": 2.7351635329032935, "emit_y": 2.504450612962906e-10, "eta_y": 0.001717832829239271, "etap_y": 0.003007579394342511, "norm_emit_y": 4.818546969636605e-06}