{"PDrive_median_x": -4.652923344463518e-05, "PDrive_median_y": 4.220103465110478e-05, "PDrive_median_xp": -8.275885620778899e-06, "PDrive_median_yp": -2.0943003992444043e-05, "PDrive_sigmaSI90_x": 3.6017525333949306e-05, "PDrive_sigmaSI90_y": 1.92911248588353e-05, "PDrive_sigmaSI90_z": 1.9734849944119376e-05, "PDrive_sigmaSI90_xp": 0.0001259543244457974, "PDrive_sigmaSI90_yp": 3.897246934319056e-05, "PDrive_emitSI90_x": 8.241636315437677e-05, "PDrive_emitSI90_y": 1.0112105322734611e-05, "PDrive_norm_emit_x": 0.00010571567547221645, "PDrive_norm_emit_y": 1.2919277955062044e-05, "PDrive_charge_nC": 1.6000000000000012, "lostChargeFraction": 0.0, "alpha_x": 0.44108600716922486, "beta_x": 0.30114897705587107, "gamma_x": 3.966664198559996, "emit_x": 1.411357927804516e-09, "eta_x": 0.0024037505824703372, "etap_x": 0.008333212349565784, "norm_emit_x": 2.7182043485504008e-05, "alpha_y": -0.4411547146876927, "beta_y": 0.41192519582000836, "gamma_y": 2.9000835452977975, "emit_y": 2.585503898420623e-10, "eta_y": -0.0012856532134165892, "etap_y": -0.0018961982271438731, "norm_emit_y": 4.977026535225813e-06}