{"PDrive_median_x": -5.398894703356211e-05, "PDrive_median_y": 2.858332784732781e-05, "PDrive_median_xp": 1.1219446885293828e-05, "PDrive_median_yp": -2.5201678071748423e-05, "PDrive_sigmaSI90_x": 3.5489404379448247e-05, "PDrive_sigmaSI90_y": 1.3063008420447304e-05, "PDrive_sigmaSI90_z": 1.9880170617979613e-05, "PDrive_sigmaSI90_xp": 0.00012132511503594382, "PDrive_sigmaSI90_yp": 3.407129928479532e-05, "PDrive_emitSI90_x": 8.16414126311841e-05, "PDrive_emitSI90_y": 7.348324464610665e-06, "PDrive_norm_emit_x": 0.00010289076825759494, "PDrive_norm_emit_y": 9.565870742640579e-06, "PDrive_charge_nC": 1.6000000000000012, "lostChargeFraction": 0.0, "alpha_x": 0.4808513179637338, "beta_x": 0.3095449610617841, "gamma_x": 3.97750939238101, "emit_x": 1.453621019201341e-09, "eta_x": 0.0024508110753322164, "etap_x": 0.007534458398226731, "norm_emit_x": 2.799690251585812e-05, "alpha_y": -0.4755908922129163, "beta_y": 0.4311367363863664, "gamma_y": 2.844078440249224, "emit_y": 2.392040082169717e-10, "eta_y": -0.0005045702698699521, "etap_y": -0.0012380450291160651, "norm_emit_y": 4.6021897959715266e-06}