{"PDrive_median_x": 7.144028727902963e-06, "PDrive_median_y": 1.2420298741938514e-06, "PDrive_median_xp": -2.504205937189053e-05, "PDrive_median_yp": -7.447925067311593e-05, "PDrive_sigmaSI90_x": 2.2129481321597868e-05, "PDrive_sigmaSI90_y": 1.8569677581402453e-05, "PDrive_sigmaSI90_z": 2.050433617604767e-05, "PDrive_sigmaSI90_xp": 0.00013909012043559756, "PDrive_sigmaSI90_yp": 3.149640708023501e-05, "PDrive_emitSI90_x": 5.2212509546749874e-05, "PDrive_emitSI90_y": 9.359340028610945e-06, "PDrive_norm_emit_x": 8.327815171462007e-05, "PDrive_norm_emit_y": 1.1943531715607613e-05, "PDrive_charge_nC": 1.6000000000000012, "lostChargeFraction": 0.0, "alpha_x": 0.4973117129044634, "beta_x": 0.2781740685127094, "gamma_x": 4.4839511693556116, "emit_x": 1.2462771912425976e-09, "eta_x": -0.0007854345281414798, "etap_x": 0.01042873627962023, "norm_emit_x": 2.4001533124515023e-05, "alpha_y": -0.5092203406494769, "beta_y": 0.4114129159166313, "gamma_y": 3.0609281007268003, "emit_y": 2.400563004698834e-10, "eta_y": 0.0011171357644992725, "etap_y": 0.0011356158002508436, "norm_emit_y": 4.616900013510274e-06}