{"PDrive_median_x": 1.7839463105181302e-05, "PDrive_median_y": 3.206762806767559e-07, "PDrive_median_xp": -6.764415690854443e-05, "PDrive_median_yp": -5.3165297273949824e-05, "PDrive_sigmaSI90_x": 2.3561261849502808e-05, "PDrive_sigmaSI90_y": 1.4690492590191879e-05, "PDrive_sigmaSI90_z": 2.007451026506106e-05, "PDrive_sigmaSI90_xp": 0.00016112419517508864, "PDrive_sigmaSI90_yp": 2.9922791871746532e-05, "PDrive_emitSI90_x": 6.669880250412673e-05, "PDrive_emitSI90_y": 8.36343901941291e-06, "PDrive_norm_emit_x": 0.00010054990942307976, "PDrive_norm_emit_y": 1.0581425606733324e-05, "PDrive_charge_nC": 1.6000000000000012, "lostChargeFraction": 0.0, "alpha_x": 0.3087667882569987, "beta_x": 0.2501982440596623, "gamma_x": 4.377876166346508, "emit_x": 1.307593532656595e-09, "eta_x": -0.0008590815869755862, "etap_x": 0.01334693067962524, "norm_emit_x": 2.518292250118111e-05, "alpha_y": -0.4399527355699201, "beta_y": 0.4046304465947497, "gamma_y": 2.9497493813925546, "emit_y": 2.262697392797621e-10, "eta_y": 0.0005676427433555714, "etap_y": -0.0005873427495142652, "norm_emit_y": 4.350502268471547e-06}