{"PDrive_median_x": 3.2232468144459856e-05, "PDrive_median_y": 2.2711088862189356e-05, "PDrive_median_xp": -9.591988487274149e-05, "PDrive_median_yp": -4.960102863957251e-05, "PDrive_sigmaSI90_x": 2.4664398572554904e-05, "PDrive_sigmaSI90_y": 1.1163924159577249e-05, "PDrive_sigmaSI90_z": 2.0171651353338047e-05, "PDrive_sigmaSI90_xp": 0.000169378616406833, "PDrive_sigmaSI90_yp": 2.8491321161479784e-05, "PDrive_emitSI90_x": 7.132454637743877e-05, "PDrive_emitSI90_y": 5.548126774897724e-06, "PDrive_norm_emit_x": 0.00010714028935124227, "PDrive_norm_emit_y": 7.865307913720061e-06, "PDrive_charge_nC": 1.6000000000000012, "lostChargeFraction": 0.0, "alpha_x": 0.20181639210125124, "beta_x": 0.23388235879819774, "gamma_x": 4.4498005812347134, "emit_x": 1.3132915238555545e-09, "eta_x": -0.0010212560461282676, "etap_x": 0.014619601782957434, "norm_emit_x": 2.529141774444118e-05, "alpha_y": -0.47124275215774236, "beta_y": 0.38567483679573183, "gamma_y": 3.168653007321964, "emit_y": 2.1730494218608936e-10, "eta_y": -0.0001941647052377415, "etap_y": -5.242517453150298e-05, "norm_emit_y": 4.179625995215638e-06}