{"PDrive_median_x": 1.5857454630025406e-05, "PDrive_median_y": 1.7026252969884287e-05, "PDrive_median_xp": -2.3720715922113052e-05, "PDrive_median_yp": -7.145625406239532e-05, "PDrive_sigmaSI90_x": 2.4785449570912687e-05, "PDrive_sigmaSI90_y": 1.1395008199945707e-05, "PDrive_sigmaSI90_z": 2.097749949557114e-05, "PDrive_sigmaSI90_xp": 0.00013746508588655587, "PDrive_sigmaSI90_yp": 2.9962622249677588e-05, "PDrive_emitSI90_x": 5.3085498490865134e-05, "PDrive_emitSI90_y": 5.883127967227417e-06, "PDrive_norm_emit_x": 8.036877778768689e-05, "PDrive_norm_emit_y": 8.219645773396212e-06, "PDrive_charge_nC": 1.6000000000000012, "lostChargeFraction": 0.0, "alpha_x": 0.59413002503395, "beta_x": 0.2886520204035676, "gamma_x": 4.68727183948067, "emit_x": 1.186618520181022e-09, "eta_x": -0.0013723105407433913, "etap_x": 0.010363426426199666, "norm_emit_x": 2.2852910115577795e-05, "alpha_y": -0.558007859352622, "beta_y": 0.37936365098147884, "gamma_y": 3.45676969236918, "emit_y": 2.2448912438903972e-10, "eta_y": 0.0002942883028500051, "etap_y": 0.0008176897485856069, "norm_emit_y": 4.3159815586965254e-06}