{"PDrive_median_x": -2.6711806232907606e-05, "PDrive_median_y": -1.662352257989313e-05, "PDrive_median_xp": -6.100895622548467e-05, "PDrive_median_yp": -9.693322006909014e-05, "PDrive_sigmaSI90_x": 3.301628037344998e-05, "PDrive_sigmaSI90_y": 2.960164708880647e-05, "PDrive_sigmaSI90_z": 2.01890795067855e-05, "PDrive_sigmaSI90_xp": 0.00015559985379254277, "PDrive_sigmaSI90_yp": 4.5132166310719375e-05, "PDrive_emitSI90_x": 9.279920754483794e-05, "PDrive_emitSI90_y": 1.4654657121414334e-05, "PDrive_norm_emit_x": 0.00011179342276263903, "PDrive_norm_emit_y": 1.846536150783613e-05, "PDrive_charge_nC": 1.6000000000000012, "lostChargeFraction": 0.0, "alpha_x": 0.1751583986568782, "beta_x": 0.26729970442161666, "gamma_x": 3.855898257913263, "emit_x": 1.4223884815282416e-09, "eta_x": 0.0017145428554338146, "etap_x": 0.012495195222603174, "norm_emit_x": 2.7394240187973195e-05, "alpha_y": -0.39336844145576383, "beta_y": 0.45994373239883257, "gamma_y": 2.510608688395006, "emit_y": 2.5221131885629623e-10, "eta_y": 0.0023435347080583762, "etap_y": 0.0030654435464174674, "norm_emit_y": 4.853106038633742e-06}