{"PDrive_median_x": 5.4533784180986166e-05, "PDrive_median_y": -2.0614488647000016e-05, "PDrive_median_xp": -9.166115266451097e-05, "PDrive_median_yp": -0.00010815732559247652, "PDrive_sigmaSI90_x": 3.766935408436052e-05, "PDrive_sigmaSI90_y": 2.999619391702028e-05, "PDrive_sigmaSI90_z": 2.031437164998203e-05, "PDrive_sigmaSI90_xp": 0.00017160406781932332, "PDrive_sigmaSI90_yp": 5.3891994586222106e-05, "PDrive_emitSI90_x": 8.083945964488342e-05, "PDrive_emitSI90_y": 1.8143438765632644e-05, "PDrive_norm_emit_x": 0.00011518467087099997, "PDrive_norm_emit_y": 2.114877236319773e-05, "PDrive_charge_nC": 1.6000000000000012, "lostChargeFraction": 0.0, "alpha_x": 0.2418529934447503, "beta_x": 0.23652608591243826, "gamma_x": 4.4751633476488495, "emit_x": 1.3177192174488105e-09, "eta_x": -0.0029256213205093753, "etap_x": 0.015041992192270712, "norm_emit_x": 2.5377803643593168e-05, "alpha_y": -0.263587718786112, "beta_y": 0.36746884592242945, "gamma_y": 2.910392261445279, "emit_y": 2.555667937114247e-10, "eta_y": 0.0024259688318917037, "etap_y": 0.0038414961754875865, "norm_emit_y": 4.9185327230450094e-06}