{"PDrive_median_x": -1.8539807282628834e-05, "PDrive_median_y": 1.6618467826893582e-07, "PDrive_median_xp": -1.651785854902541e-05, "PDrive_median_yp": -0.00010525788764060998, "PDrive_sigmaSI90_x": 2.5147585126171638e-05, "PDrive_sigmaSI90_y": 2.631405391436423e-05, "PDrive_sigmaSI90_z": 2.0060592617399717e-05, "PDrive_sigmaSI90_xp": 0.00013034530440956488, "PDrive_sigmaSI90_yp": 4.826741475943172e-05, "PDrive_emitSI90_x": 6.393616208801028e-05, "PDrive_emitSI90_y": 1.3639048604823341e-05, "PDrive_norm_emit_x": 8.942795891368054e-05, "PDrive_norm_emit_y": 1.6596514792003532e-05, "PDrive_charge_nC": 1.6000000000000012, "lostChargeFraction": 0.0, "alpha_x": 0.40892614254623705, "beta_x": 0.2793885319939963, "gamma_x": 4.177768434972225, "emit_x": 1.3182878666959003e-09, "eta_x": 0.0009459943866171541, "etap_x": 0.009144104259950289, "norm_emit_x": 2.538734203731256e-05, "alpha_y": -0.6088742751270324, "beta_y": 0.5006515494133715, "gamma_y": 2.7378880271470094, "emit_y": 2.7228599530456655e-10, "eta_y": 0.002116106246590592, "etap_y": 0.0036838263262015274, "norm_emit_y": 5.235976507473404e-06}