{"PDrive_median_x": -5.853156370851503e-05, "PDrive_median_y": 2.734142129309646e-05, "PDrive_median_xp": 1.0150495132292015e-05, "PDrive_median_yp": -4.680196904919955e-05, "PDrive_sigmaSI90_x": 3.836924103000731e-05, "PDrive_sigmaSI90_y": 1.176091951676342e-05, "PDrive_sigmaSI90_z": 1.988406600005227e-05, "PDrive_sigmaSI90_xp": 0.00011883154124344226, "PDrive_sigmaSI90_yp": 2.826763130460536e-05, "PDrive_emitSI90_x": 8.611446387018519e-05, "PDrive_emitSI90_y": 5.573288103714723e-06, "PDrive_norm_emit_x": 0.0001064640772483943, "PDrive_norm_emit_y": 7.983429701818323e-06, "PDrive_charge_nC": 1.6000000000000012, "lostChargeFraction": 0.0, "alpha_x": 0.4898381249151941, "beta_x": 0.31590141623309653, "gamma_x": 3.925089679577469, "emit_x": 1.4675431404174677e-09, "eta_x": 0.002754166876131332, "etap_x": 0.00713098037146104, "norm_emit_x": 2.826501042001661e-05, "alpha_y": -0.5931692366490275, "beta_y": 0.4534612396301554, "gamma_y": 2.9811803637492007, "emit_y": 2.264883637308832e-10, "eta_y": -0.000130539916377513, "etap_y": -0.0002548710098388627, "norm_emit_y": 4.3552072161932524e-06}