{"PDrive_median_x": -1.2426037925370524e-05, "PDrive_median_y": 4.205518803887262e-06, "PDrive_median_xp": -9.1694168488072e-06, "PDrive_median_yp": -4.044323534645547e-06, "PDrive_sigmaSI90_x": 2.210920079230829e-05, "PDrive_sigmaSI90_y": 1.4223795047290185e-05, "PDrive_sigmaSI90_z": 2.0211031589481665e-05, "PDrive_sigmaSI90_xp": 0.00013461277065012137, "PDrive_sigmaSI90_yp": 4.84830489399162e-05, "PDrive_emitSI90_x": 5.8846609010090125e-05, "PDrive_emitSI90_y": 1.2885812925383885e-05, "PDrive_norm_emit_x": 8.50661671175099e-05, "PDrive_norm_emit_y": 1.5552904628516274e-05, "PDrive_charge_nC": 1.6000000000000012, "lostChargeFraction": 0.0, "alpha_x": 0.46521061765740424, "beta_x": 0.28838450701121665, "gamma_x": 4.218052250407027, "emit_x": 1.3412437674867526e-09, "eta_x": 7.83376377021647e-05, "etap_x": 0.009565942013426814, "norm_emit_x": 2.5831922726243036e-05, "alpha_y": -0.3701511635608084, "beta_y": 0.428026806007543, "gamma_y": 2.6564034493329913, "emit_y": 2.587124704802455e-10, "eta_y": 0.0002656018650426814, "etap_y": -0.003110299134725433, "norm_emit_y": 4.975865218893077e-06}