{"PDrive_median_x": -2.9039919473366678e-05, "PDrive_median_y": 2.490498013195365e-06, "PDrive_median_xp": -2.9121037485938625e-06, "PDrive_median_yp": -2.900909197824643e-05, "PDrive_sigmaSI90_x": 2.5242819853367338e-05, "PDrive_sigmaSI90_y": 1.5906571193978777e-05, "PDrive_sigmaSI90_z": 1.998730667075286e-05, "PDrive_sigmaSI90_xp": 0.00013176104328771436, "PDrive_sigmaSI90_yp": 3.3606809694193444e-05, "PDrive_emitSI90_x": 6.567400943602871e-05, "PDrive_emitSI90_y": 1.0024706458277795e-05, "PDrive_norm_emit_x": 9.079881396234733e-05, "PDrive_norm_emit_y": 1.2106434028692898e-05, "PDrive_charge_nC": 1.6000000000000012, "lostChargeFraction": 0.0, "alpha_x": 0.4772553935502134, "beta_x": 0.29810093010138394, "gamma_x": 4.118647701821005, "emit_x": 1.3819385576408508e-09, "eta_x": 0.0009466244953081325, "etap_x": 0.009082007876021096, "norm_emit_x": 2.6616957533050185e-05, "alpha_y": -0.5195734927834207, "beta_y": 0.4520775157462476, "gamma_y": 2.809156771061345, "emit_y": 2.2928017068616228e-10, "eta_y": 0.0006182325345561353, "etap_y": -0.001239831578990184, "norm_emit_y": 4.407058264914064e-06}