{"PDrive_median_x": 7.708219153657798e-06, "PDrive_median_y": 6.205402789470579e-05, "PDrive_median_xp": -5.1925540249312803e-05, "PDrive_median_yp": 3.358721633297597e-05, "PDrive_sigmaSI90_x": 2.220860626068832e-05, "PDrive_sigmaSI90_y": 3.729989799012742e-05, "PDrive_sigmaSI90_z": 1.9982997867200812e-05, "PDrive_sigmaSI90_xp": 0.00015094815468063023, "PDrive_sigmaSI90_yp": 7.300215718470551e-05, "PDrive_emitSI90_x": 6.24667033584257e-05, "PDrive_emitSI90_y": 2.06019362950559e-05, "PDrive_norm_emit_x": 9.252072727181168e-05, "PDrive_norm_emit_y": 2.920415948464305e-05, "PDrive_charge_nC": 1.6000000000000012, "lostChargeFraction": 0.0, "alpha_x": 0.36540396284533017, "beta_x": 0.26766095550922087, "gamma_x": 4.234909996142571, "emit_x": 1.3045858195780669e-09, "eta_x": -0.0005235266110814247, "etap_x": 0.011836598692997089, "norm_emit_x": 2.5125928921901826e-05, "alpha_y": -0.4595773246955471, "beta_y": 0.4292058302774305, "gamma_y": 2.821982442762747, "emit_y": 3.396386512944992e-10, "eta_y": -0.003310192531156646, "etap_y": -0.005811349370553302, "norm_emit_y": 6.539270349969537e-06}