{"PDrive_median_x": -7.333483333183478e-05, "PDrive_median_y": -7.025206491831461e-06, "PDrive_median_xp": -5.1275605642257634e-06, "PDrive_median_yp": -0.00013144024333779097, "PDrive_sigmaSI90_x": 5.1813226901841744e-05, "PDrive_sigmaSI90_y": 3.272647249170128e-05, "PDrive_sigmaSI90_z": 1.961203204018042e-05, "PDrive_sigmaSI90_xp": 0.00012234599840144986, "PDrive_sigmaSI90_yp": 6.361883689761074e-05, "PDrive_emitSI90_x": 0.00010739040445061811, "PDrive_emitSI90_y": 1.8358070552036923e-05, "PDrive_norm_emit_x": 0.00012534292346200998, "PDrive_norm_emit_y": 2.2784634017731437e-05, "PDrive_charge_nC": 1.6000000000000012, "lostChargeFraction": 0.0, "alpha_x": 0.36365283359409495, "beta_x": 0.3085886068492633, "gamma_x": 3.6691030007277066, "emit_x": 1.4958390276239618e-09, "eta_x": 0.004010712640674456, "etap_x": 0.00797025419715919, "norm_emit_x": 2.8811179970685448e-05, "alpha_y": -0.5057774152440953, "beta_y": 0.6080791160904643, "gamma_y": 2.0652095435294813, "emit_y": 3.3536730784751884e-10, "eta_y": 0.0028488943829810638, "etap_y": 0.005479912975756237, "norm_emit_y": 6.450861621974181e-06}