{"PDrive_median_x": -2.361896325919847e-05, "PDrive_median_y": 7.079249390601834e-06, "PDrive_median_xp": 3.5631011867952745e-05, "PDrive_median_yp": -1.40908926561739e-05, "PDrive_sigmaSI90_x": 2.1806268409870767e-05, "PDrive_sigmaSI90_y": 1.4705403659423989e-05, "PDrive_sigmaSI90_z": 2.1458565755627293e-05, "PDrive_sigmaSI90_xp": 0.0001166798392558884, "PDrive_sigmaSI90_yp": 4.107688100255426e-05, "PDrive_emitSI90_x": 4.7442019192014844e-05, "PDrive_emitSI90_y": 1.1325688393559613e-05, "PDrive_norm_emit_x": 7.111374430965121e-05, "PDrive_norm_emit_y": 1.349400180064104e-05, "PDrive_charge_nC": 1.6000000000000012, "lostChargeFraction": 0.0, "alpha_x": 0.6949521122515872, "beta_x": 0.33952108130096814, "gamma_x": 4.367794873415756, "emit_x": 1.2806766269526814e-09, "eta_x": 9.68151100056308e-05, "etap_x": 0.006738838504178133, "norm_emit_x": 2.4663694517884722e-05, "alpha_y": -0.4865423561257982, "beta_y": 0.43149578960247625, "gamma_y": 2.8661310124110324, "emit_y": 2.367976793575561e-10, "eta_y": 0.0004814595074452818, "etap_y": -0.0022086689558627327, "norm_emit_y": 4.552576386184526e-06}