{"PDrive_median_x": -4.894296036720345e-05, "PDrive_median_y": 2.2036263632237145e-05, "PDrive_median_xp": -3.3708402981506186e-05, "PDrive_median_yp": -2.9876660016599998e-05, "PDrive_sigmaSI90_x": 3.9488280102551314e-05, "PDrive_sigmaSI90_y": 1.278380430448953e-05, "PDrive_sigmaSI90_z": 1.985655631345472e-05, "PDrive_sigmaSI90_xp": 0.0001410226204820452, "PDrive_sigmaSI90_yp": 3.522550228015374e-05, "PDrive_emitSI90_x": 9.578351274495353e-05, "PDrive_emitSI90_y": 7.326969273180189e-06, "PDrive_norm_emit_x": 0.00011532392587761956, "PDrive_norm_emit_y": 9.91805821186281e-06, "PDrive_charge_nC": 1.6000000000000012, "lostChargeFraction": 0.0, "alpha_x": 0.30736010933451247, "beta_x": 0.2872253677772159, "gamma_x": 3.8104929424584837, "emit_x": 1.45480599467669e-09, "eta_x": 0.0026277994697092816, "etap_x": 0.010490648737229743, "norm_emit_x": 2.8020399328113758e-05, "alpha_y": -0.4733297680841895, "beta_y": 0.42523332163888256, "gamma_y": 2.878516351063652, "emit_y": 2.3773042096381593e-10, "eta_y": -0.00047966754111276606, "etap_y": -0.001335935935368007, "norm_emit_y": 4.57307859997955e-06}