{"PDrive_median_x": 2.02197236079121e-05, "PDrive_median_y": -2.6797774441089946e-06, "PDrive_median_xp": -8.285307458903704e-05, "PDrive_median_yp": -4.119576839737725e-05, "PDrive_sigmaSI90_x": 2.4457428845729686e-05, "PDrive_sigmaSI90_y": 1.768125758826396e-05, "PDrive_sigmaSI90_z": 2.0170962709200307e-05, "PDrive_sigmaSI90_xp": 0.00016896137759658784, "PDrive_sigmaSI90_yp": 3.110644937657131e-05, "PDrive_emitSI90_x": 7.261726478063284e-05, "PDrive_emitSI90_y": 1.0347199268876474e-05, "PDrive_norm_emit_x": 0.00010742557980829413, "PDrive_norm_emit_y": 1.2595933093562102e-05, "PDrive_charge_nC": 1.6000000000000012, "lostChargeFraction": 0.0, "alpha_x": 0.22633762891617915, "beta_x": 0.24656260173553904, "gamma_x": 4.263536784832183, "emit_x": 1.322247029671499e-09, "eta_x": -0.0009097950090420792, "etap_x": 0.014350434008623774, "norm_emit_x": 2.5465455951266544e-05, "alpha_y": -0.47253474777901694, "beta_y": 0.43551227652671454, "gamma_y": 2.8088509871972396, "emit_y": 2.25840541865955e-10, "eta_y": 0.0008902012932334546, "etap_y": -0.0009457370256009431, "norm_emit_y": 4.342959552861388e-06}