{"PDrive_median_x": -1.4979470404389706e-05, "PDrive_median_y": 8.160941119472385e-06, "PDrive_median_xp": -1.1296409695799453e-05, "PDrive_median_yp": -8.71504752235897e-05, "PDrive_sigmaSI90_x": 2.2411970018547456e-05, "PDrive_sigmaSI90_y": 1.8143055561177098e-05, "PDrive_sigmaSI90_z": 2.0302786275897628e-05, "PDrive_sigmaSI90_xp": 0.00013183113024935325, "PDrive_sigmaSI90_yp": 3.566407067784028e-05, "PDrive_emitSI90_x": 5.85786435437835e-05, "PDrive_emitSI90_y": 8.901504325681062e-06, "PDrive_norm_emit_x": 8.451725156131821e-05, "PDrive_norm_emit_y": 1.1842594835499488e-05, "PDrive_charge_nC": 1.6000000000000012, "lostChargeFraction": 0.0, "alpha_x": 0.5015752137337982, "beta_x": 0.2939042607102671, "gamma_x": 4.258453729141135, "emit_x": 1.3195340680918809e-09, "eta_x": 0.0003322986875328878, "etap_x": 0.009141151123556004, "norm_emit_x": 2.541348486046097e-05, "alpha_y": -0.6617050075202192, "beta_y": 0.4514216649973666, "gamma_y": 3.185167280320322, "emit_y": 2.522373231065508e-10, "eta_y": 0.001159746662434357, "etap_y": 0.001953792074410085, "norm_emit_y": 4.849459274123591e-06}