{"PDrive_median_x": 6.377348934652453e-06, "PDrive_median_y": 1.1309035113426416e-05, "PDrive_median_xp": -2.5110995312815824e-05, "PDrive_median_yp": -5.985931578073195e-05, "PDrive_sigmaSI90_x": 2.192591315327859e-05, "PDrive_sigmaSI90_y": 1.3087178989168649e-05, "PDrive_sigmaSI90_z": 2.045716040670715e-05, "PDrive_sigmaSI90_xp": 0.00013911547062486266, "PDrive_sigmaSI90_yp": 2.8374792575222395e-05, "PDrive_emitSI90_x": 5.351012446049258e-05, "PDrive_emitSI90_y": 6.565890763137573e-06, "PDrive_norm_emit_x": 8.350997191674098e-05, "PDrive_norm_emit_y": 8.935560718533975e-06, "PDrive_charge_nC": 1.6000000000000012, "lostChargeFraction": 0.0, "alpha_x": 0.48872050581941917, "beta_x": 0.27710972093282754, "gamma_x": 4.470603660665843, "emit_x": 1.2529633937451857e-09, "eta_x": -0.0007228500246107492, "etap_x": 0.01041700408046429, "norm_emit_x": 2.4130298592361653e-05, "alpha_y": -0.5520250528424023, "beta_y": 0.40586082584060584, "gamma_y": 3.214726763203467, "emit_y": 2.1947214944838296e-10, "eta_y": 0.00047881588782970066, "etap_y": 0.0004983879662979649, "norm_emit_y": 4.219009283086458e-06}