{"PDrive_median_x": -2.4197378919246226e-05, "PDrive_median_y": 1.9353407667387067e-05, "PDrive_median_xp": -2.9834590461769843e-05, "PDrive_median_yp": -6.950008289026083e-05, "PDrive_sigmaSI90_x": 2.726691966734993e-05, "PDrive_sigmaSI90_y": 1.4009131076319065e-05, "PDrive_sigmaSI90_z": 1.9799122175913525e-05, "PDrive_sigmaSI90_xp": 0.00013662083233627862, "PDrive_sigmaSI90_yp": 3.2758777396616434e-05, "PDrive_emitSI90_x": 7.116681536349465e-05, "PDrive_emitSI90_y": 6.807549317029649e-06, "PDrive_norm_emit_x": 9.676505707198802e-05, "PDrive_norm_emit_y": 9.27971429605495e-06, "PDrive_charge_nC": 1.6000000000000012, "lostChargeFraction": 0.0, "alpha_x": 0.3751095230372252, "beta_x": 0.27814422398915284, "gamma_x": 4.101135511329907, "emit_x": 1.3523601054463266e-09, "eta_x": 0.0012513617954833715, "etap_x": 0.009976355735515509, "norm_emit_x": 2.604481360482958e-05, "alpha_y": -0.6416333771769094, "beta_y": 0.4571706347059937, "gamma_y": 3.0878916613165797, "emit_y": 2.3306370385566504e-10, "eta_y": 0.0006708300431295005, "etap_y": 0.0017048737129146082, "norm_emit_y": 4.480817043598459e-06}