{"PDrive_median_x": -1.6302705771981918e-05, "PDrive_median_y": -8.087960644978976e-06, "PDrive_median_xp": -2.8490620822348407e-05, "PDrive_median_yp": -5.745894091700687e-05, "PDrive_sigmaSI90_x": 2.4783043690788807e-05, "PDrive_sigmaSI90_y": 2.2144973672970416e-05, "PDrive_sigmaSI90_z": 1.9874004372508804e-05, "PDrive_sigmaSI90_xp": 0.0001416577565377559, "PDrive_sigmaSI90_yp": 2.717433881001111e-05, "PDrive_emitSI90_x": 6.88068706441456e-05, "PDrive_emitSI90_y": 1.0694512493048128e-05, "PDrive_norm_emit_x": 9.400970642326515e-05, "PDrive_norm_emit_y": 1.3714004522494937e-05, "PDrive_charge_nC": 1.6000000000000012, "lostChargeFraction": 0.0, "alpha_x": 0.3552543169625715, "beta_x": 0.2716074403062061, "gamma_x": 4.146446166757714, "emit_x": 1.35873963612965e-09, "eta_x": 0.000681997872554103, "etap_x": 0.010570578237707852, "norm_emit_x": 2.6168379691643846e-05, "alpha_y": -0.46200470713365416, "beta_y": 0.4552805592588588, "gamma_y": 2.6652760034142453, "emit_y": 2.342837600439062e-10, "eta_y": 0.0014311265159999448, "etap_y": 0.00022302172504680586, "norm_emit_y": 4.507369802344308e-06}