{"PDrive_median_x": -3.60095956324184e-05, "PDrive_median_y": -3.524376950129125e-05, "PDrive_median_xp": -2.1919437703015025e-05, "PDrive_median_yp": -9.103699088128009e-05, "PDrive_sigmaSI90_x": 2.9049365176914236e-05, "PDrive_sigmaSI90_y": 3.7721137306165813e-05, "PDrive_sigmaSI90_z": 1.9803968810986404e-05, "PDrive_sigmaSI90_xp": 0.00014022332335283661, "PDrive_sigmaSI90_yp": 3.987078517558479e-05, "PDrive_emitSI90_x": 7.677233267952121e-05, "PDrive_emitSI90_y": 1.7791387104164092e-05, "PDrive_norm_emit_x": 0.00010089191614524819, "PDrive_norm_emit_y": 2.3491509803129876e-05, "PDrive_charge_nC": 1.6000000000000012, "lostChargeFraction": 0.0, "alpha_x": 0.37334095783766896, "beta_x": 0.2851031966264643, "gamma_x": 3.9963896732169664, "emit_x": 1.4095121409805352e-09, "eta_x": 0.0014922576730231854, "etap_x": 0.010247691614342065, "norm_emit_x": 2.714928234964266e-05, "alpha_y": -0.36963451591015584, "beta_y": 0.42391293343936093, "gamma_y": 2.681280955809114, "emit_y": 2.468479316215081e-10, "eta_y": 0.003151659635738535, "etap_y": 0.0022256579276139165, "norm_emit_y": 4.751385684491777e-06}