{"PDrive_median_x": -3.4841806033279344e-06, "PDrive_median_y": 1.7949727368801102e-05, "PDrive_median_xp": -1.3977526160394238e-05, "PDrive_median_yp": -8.905152011944801e-05, "PDrive_sigmaSI90_x": 2.138613518962831e-05, "PDrive_sigmaSI90_y": 1.2921110385403738e-05, "PDrive_sigmaSI90_z": 2.064719453327931e-05, "PDrive_sigmaSI90_xp": 0.00013111398647961322, "PDrive_sigmaSI90_yp": 3.569827353497038e-05, "PDrive_emitSI90_x": 5.477699268564613e-05, "PDrive_emitSI90_y": 6.9735097863728494e-06, "PDrive_norm_emit_x": 8.080451897582444e-05, "PDrive_norm_emit_y": 9.463161760737911e-06, "PDrive_charge_nC": 1.6000000000000012, "lostChargeFraction": 0.0, "alpha_x": 0.48950848117649515, "beta_x": 0.284697790119585, "gamma_x": 4.354155866903734, "emit_x": 1.2954241594024586e-09, "eta_x": -0.00011536261327685344, "etap_x": 0.009163070954286843, "norm_emit_x": 2.494693123554004e-05, "alpha_y": -0.5287303605278476, "beta_y": 0.3968896343832566, "gamma_y": 3.223958711172347, "emit_y": 2.402897632265763e-10, "eta_y": 0.0005693481887030186, "etap_y": 0.0020003434547641733, "norm_emit_y": 4.620363689466479e-06}