{"PDrive_median_x": 3.0590705456466295e-06, "PDrive_median_y": -7.5513779764182055e-06, "PDrive_median_xp": -4.535439037945427e-05, "PDrive_median_yp": -9.773660531441755e-05, "PDrive_sigmaSI90_x": 2.193276960418763e-05, "PDrive_sigmaSI90_y": 2.5388751801700102e-05, "PDrive_sigmaSI90_z": 1.997431618892538e-05, "PDrive_sigmaSI90_xp": 0.0001491111491695652, "PDrive_sigmaSI90_yp": 4.381016355723483e-05, "PDrive_emitSI90_x": 6.294740816302343e-05, "PDrive_emitSI90_y": 1.291577011526943e-05, "PDrive_norm_emit_x": 9.253321138144268e-05, "PDrive_norm_emit_y": 1.6405603285827025e-05, "PDrive_charge_nC": 1.6000000000000012, "lostChargeFraction": 0.0, "alpha_x": 0.32393505775998493, "beta_x": 0.2606762683951536, "gamma_x": 4.238720802812087, "emit_x": 1.3286375754672275e-09, "eta_x": -0.0002921833571068867, "etap_x": 0.011571795557643049, "norm_emit_x": 2.5588811659575643e-05, "alpha_y": -0.48191963601505355, "beta_y": 0.4347380752282692, "gamma_y": 2.834457356719589, "emit_y": 2.538359856853295e-10, "eta_y": 0.0019518909421699178, "etap_y": 0.0028897318842571107, "norm_emit_y": 4.882990002794849e-06}