{"PDrive_median_x": 1.2988757117050957e-07, "PDrive_median_y": 7.003479480982947e-06, "PDrive_median_xp": 0.0003717380379350437, "PDrive_median_yp": -0.00015795807177485769, "PDrive_sigmaSI90_x": 3.177935881842535e-05, "PDrive_sigmaSI90_y": 3.166367849670413e-05, "PDrive_sigmaSI90_z": 2.115254107172388e-05, "PDrive_sigmaSI90_xp": 0.00016988906871262272, "PDrive_sigmaSI90_yp": 2.4613619406931317e-05, "PDrive_emitSI90_x": 0.00010428902310305315, "PDrive_emitSI90_y": 1.2672917542082599e-05, "PDrive_norm_emit_x": 0.0001243709207362281, "PDrive_norm_emit_y": 1.6294628828671934e-05, "PDrive_charge_nC": 1.5996480000000006, "lostChargeFraction": 0.0, "alpha_x": -0.2436845493366862, "beta_x": 0.3062039209801695, "gamma_x": 3.4597276096083425, "emit_x": 1.7065358176446294e-09, "eta_x": 0.0014575176820816002, "etap_x": 0.01737930582542535, "norm_emit_x": 3.2790305067295545e-05, "alpha_y": -0.490749829621624, "beta_y": 0.6298282641466021, "gamma_y": 1.970117039690092, "emit_y": 2.6277094038246253e-10, "eta_y": 0.002400093696983219, "etap_y": 0.000696957639568634, "norm_emit_y": 5.0544327975414e-06}