{"PDrive_median_x": 3.157092755751167e-06, "PDrive_median_y": 6.0998464464615e-06, "PDrive_median_xp": 0.00035580443610976076, "PDrive_median_yp": -0.00015873934537548567, "PDrive_sigmaSI90_x": 3.38392009193834e-05, "PDrive_sigmaSI90_y": 3.1612610047447435e-05, "PDrive_sigmaSI90_z": 2.1369776555340883e-05, "PDrive_sigmaSI90_xp": 0.00017680183864349528, "PDrive_sigmaSI90_yp": 2.5128795916212454e-05, "PDrive_emitSI90_x": 0.00011507135217725532, "PDrive_emitSI90_y": 1.2886810380394212e-05, "PDrive_norm_emit_x": 0.00013239790694118489, "PDrive_norm_emit_y": 1.676677856729303e-05, "PDrive_charge_nC": 1.5996480000000006, "lostChargeFraction": 0.0, "alpha_x": -0.28912112989000904, "beta_x": 0.32469899589735496, "gamma_x": 3.3372170577682483, "emit_x": 1.7064063183864449e-09, "eta_x": 0.0017334837032270294, "etap_x": 0.018103595490367566, "norm_emit_x": 3.2788869418473886e-05, "alpha_y": -0.5025871512715779, "beta_y": 0.6166150936687729, "gamma_y": 2.0314031516330924, "emit_y": 2.697432818087553e-10, "eta_y": 0.002412766085283181, "etap_y": 0.0007502360801127111, "norm_emit_y": 5.188089009433797e-06}