{"PDrive_median_x": -6.0948545939416565e-06, "PDrive_median_y": -2.0368219569665384e-06, "PDrive_median_xp": 0.0003643930563767105, "PDrive_median_yp": -0.00015695367441682814, "PDrive_sigmaSI90_x": 3.780108963848603e-05, "PDrive_sigmaSI90_y": 3.5003330046779495e-05, "PDrive_sigmaSI90_z": 2.134676954460996e-05, "PDrive_sigmaSI90_xp": 0.00017039482712957906, "PDrive_sigmaSI90_yp": 2.411935072824855e-05, "PDrive_emitSI90_x": 0.00011990645336491958, "PDrive_emitSI90_y": 1.4175281290382746e-05, "PDrive_norm_emit_x": 0.00012829607030258346, "PDrive_norm_emit_y": 1.8251252369625623e-05, "PDrive_charge_nC": 1.5996480000000006, "lostChargeFraction": 0.0, "alpha_x": -0.2267608743272394, "beta_x": 0.3461300110954091, "gamma_x": 3.0376461457305854, "emit_x": 1.8910188676591385e-09, "eta_x": 0.0023589737573801546, "etap_x": 0.01719022233934083, "norm_emit_x": 3.633707971990499e-05, "alpha_y": -0.4808477199398149, "beta_y": 0.6281362164414782, "gamma_y": 1.9601075332774216, "emit_y": 2.6334405080437906e-10, "eta_y": 0.002742862364203022, "etap_y": 0.0005469694983006508, "norm_emit_y": 5.065998908331346e-06}