{"PDrive_median_x": 1.9735869491639356e-05, "PDrive_median_y": 5.9447921213717635e-06, "PDrive_median_xp": 0.0003434902847409655, "PDrive_median_yp": -0.00015859212839873147, "PDrive_sigmaSI90_x": 3.167052441430257e-05, "PDrive_sigmaSI90_y": 3.161920115942818e-05, "PDrive_sigmaSI90_z": 2.1384771179260994e-05, "PDrive_sigmaSI90_xp": 0.00018531452116812166, "PDrive_sigmaSI90_yp": 2.4909895063922483e-05, "PDrive_emitSI90_x": 0.00010909962700485444, "PDrive_emitSI90_y": 1.2841405527431478e-05, "PDrive_norm_emit_x": 0.00014085838424301162, "PDrive_norm_emit_y": 1.6575170695345065e-05, "PDrive_charge_nC": 1.5996480000000006, "lostChargeFraction": 0.0, "alpha_x": -0.4308367841473886, "beta_x": 0.32482320530431286, "gamma_x": 3.650048134534314, "emit_x": 1.5616303797488332e-09, "eta_x": 0.0006735246304096541, "etap_x": 0.019236127825991472, "norm_emit_x": 3.0009872398029624e-05, "alpha_y": -0.4981778597062685, "beta_y": 0.6182153250080863, "gamma_y": 2.019007179877322, "emit_y": 2.6562432612733963e-10, "eta_y": 0.0024116275685169886, "etap_y": 0.0007282630494716884, "norm_emit_y": 5.109079550659339e-06}