{"PDrive_median_x": -6.41891602144842e-06, "PDrive_median_y": 2.1563929922852247e-05, "PDrive_median_xp": 0.0003648320128321832, "PDrive_median_yp": -0.00013254404081780038, "PDrive_sigmaSI90_x": 3.7876941089342306e-05, "PDrive_sigmaSI90_y": 2.1313104253911782e-05, "PDrive_sigmaSI90_z": 2.133067444475658e-05, "PDrive_sigmaSI90_xp": 0.00017010235069695804, "PDrive_sigmaSI90_yp": 2.6707619455347704e-05, "PDrive_emitSI90_x": 0.0001199685979056157, "PDrive_emitSI90_y": 1.0700321082369684e-05, "PDrive_norm_emit_x": 0.0001281054257927197, "PDrive_norm_emit_y": 1.2984786031308206e-05, "PDrive_charge_nC": 1.5996480000000006, "lostChargeFraction": 0.0, "alpha_x": -0.2259862541883763, "beta_x": 0.3472599539817454, "gamma_x": 3.0267520773136574, "emit_x": 1.8940016285452597e-09, "eta_x": 0.002367272792058594, "etap_x": 0.0171441052313969, "norm_emit_x": 3.639446223796154e-05, "alpha_y": -0.672209849211972, "beta_y": 0.6780799996760557, "gamma_y": 2.141142759071486, "emit_y": 2.6849288039402813e-10, "eta_y": 0.0010702546381393696, "etap_y": -0.0010958720508144955, "norm_emit_y": 5.1592440405340655e-06}