{"PDrive_median_x": -2.935851918663759e-05, "PDrive_median_y": 6.136361357156238e-06, "PDrive_median_xp": 0.00038561060280742766, "PDrive_median_yp": -0.00015855952493888678, "PDrive_sigmaSI90_x": 5.094820881359728e-05, "PDrive_sigmaSI90_y": 3.185393929674821e-05, "PDrive_sigmaSI90_z": 2.131872534409268e-05, "PDrive_sigmaSI90_xp": 0.00015474313921015205, "PDrive_sigmaSI90_yp": 2.4315015212817405e-05, "PDrive_emitSI90_x": 0.0001288885584865221, "PDrive_emitSI90_y": 1.2404764555370803e-05, "PDrive_norm_emit_x": 0.00012231336042056997, "PDrive_norm_emit_y": 1.614089935656691e-05, "PDrive_charge_nC": 1.5996480000000006, "lostChargeFraction": 0.0, "alpha_x": -0.13250132949609758, "beta_x": 0.38369430861593923, "gamma_x": 2.651998164864003, "emit_x": 2.08001404043939e-09, "eta_x": 0.003990659752724183, "etap_x": 0.014922418911606793, "norm_emit_x": 3.998421437620501e-05, "alpha_y": -0.5198805091178653, "beta_y": 0.6642182402227457, "gamma_y": 1.9124373087596387, "emit_y": 2.6553774560014676e-10, "eta_y": 0.0024076504390526518, "etap_y": 0.0007337314028730794, "norm_emit_y": 5.107261024657679e-06}