{"PDrive_median_x": -6.359318721532276e-06, "PDrive_median_y": -7.866016436749083e-06, "PDrive_median_xp": 0.0003647644549096931, "PDrive_median_yp": -0.00018881504512274132, "PDrive_sigmaSI90_x": 3.7839148990420493e-05, "PDrive_sigmaSI90_y": 4.325305696965726e-05, "PDrive_sigmaSI90_z": 2.1375579454373984e-05, "PDrive_sigmaSI90_xp": 0.0001700965825088571, "PDrive_sigmaSI90_yp": 3.925399693382605e-05, "PDrive_emitSI90_x": 0.00011994969420131315, "PDrive_emitSI90_y": 1.7982510034611918e-05, "PDrive_norm_emit_x": 0.00012797328644693036, "PDrive_norm_emit_y": 2.2325156545681356e-05, "PDrive_charge_nC": 1.5996480000000006, "lostChargeFraction": 0.0, "alpha_x": -0.22717927019181214, "beta_x": 0.3473030525080772, "gamma_x": 3.02793313565946, "emit_x": 1.8891399441336962e-09, "eta_x": 0.0023692757465984204, "etap_x": 0.017150242100815463, "norm_emit_x": 3.630092280837558e-05, "alpha_y": -0.47339423687001425, "beta_y": 0.6874543657960868, "gamma_y": 1.7806303434908106, "emit_y": 3.0016244083392507e-10, "eta_y": 0.003768211868831239, "etap_y": 0.002785721298702267, "norm_emit_y": 5.773947127348031e-06}