{"PDrive_median_x": -1.8616432086144865e-05, "PDrive_median_y": 6.0701195026531085e-06, "PDrive_median_xp": 0.0003979254022377539, "PDrive_median_yp": -0.00015858000918572332, "PDrive_sigmaSI90_x": 4.0203608002061445e-05, "PDrive_sigmaSI90_y": 3.1741163130710796e-05, "PDrive_sigmaSI90_z": 2.0998196522857545e-05, "PDrive_sigmaSI90_xp": 0.00015452326048212182, "PDrive_sigmaSI90_yp": 2.4551032201490703e-05, "PDrive_emitSI90_x": 0.00011084119241345799, "PDrive_emitSI90_y": 1.2578313471152865e-05, "PDrive_norm_emit_x": 0.00011462817224099858, "PDrive_norm_emit_y": 1.630661624998187e-05, "PDrive_charge_nC": 1.5996480000000006, "lostChargeFraction": 0.0, "alpha_x": -0.11526930135027263, "beta_x": 0.3380947908964995, "gamma_x": 2.9970500555389394, "emit_x": 2.042376970769308e-09, "eta_x": 0.002798433081652677, "etap_x": 0.015130554272748705, "norm_emit_x": 3.9250857716638096e-05, "alpha_y": -0.5172141852576966, "beta_y": 0.6460706446088834, "gamma_y": 1.961876033230244, "emit_y": 2.650799245252498e-10, "eta_y": 0.0024111744902383576, "etap_y": 0.0007338094321651328, "norm_emit_y": 5.098488527058013e-06}