{"PDrive_median_x": -5.861095295749353e-06, "PDrive_median_y": 1.3915105171965436e-05, "PDrive_median_xp": 0.0003638977031465542, "PDrive_median_yp": -0.0001629250677542409, "PDrive_sigmaSI90_x": 3.784656422852337e-05, "PDrive_sigmaSI90_y": 2.878708609001707e-05, "PDrive_sigmaSI90_z": 2.135939146168966e-05, "PDrive_sigmaSI90_xp": 0.00017042750679616218, "PDrive_sigmaSI90_yp": 2.6231491969652645e-05, "PDrive_emitSI90_x": 0.00012018677255872276, "PDrive_emitSI90_y": 1.117532940328255e-05, "PDrive_norm_emit_x": 0.00012832234938921848, "PDrive_norm_emit_y": 1.4630402286667784e-05, "PDrive_charge_nC": 1.5996480000000006, "lostChargeFraction": 0.0, "alpha_x": -0.2294939523184688, "beta_x": 0.346636106622036, "gamma_x": 3.036808497559534, "emit_x": 1.888087453392243e-09, "eta_x": 0.0023648154781087576, "etap_x": 0.017191612211712858, "norm_emit_x": 3.628072014537172e-05, "alpha_y": -0.5420556330179523, "beta_y": 0.6621967773054293, "gamma_y": 1.9538366141726693, "emit_y": 2.7114987614251556e-10, "eta_y": 0.0021262984137785305, "etap_y": 0.0011037456477994286, "norm_emit_y": 5.214420821395655e-06}