{"PDrive_median_x": 6.283292871023808e-06, "PDrive_median_y": 6.02057910292978e-06, "PDrive_median_xp": 0.0003311071547698495, "PDrive_median_yp": -0.00015857148041270672, "PDrive_sigmaSI90_x": 3.622755575928229e-05, "PDrive_sigmaSI90_y": 3.1726666826404127e-05, "PDrive_sigmaSI90_z": 2.171025933033155e-05, "PDrive_sigmaSI90_xp": 0.00018669102559681303, "PDrive_sigmaSI90_yp": 2.464969429492393e-05, "PDrive_emitSI90_x": 0.00012946560558299165, "PDrive_emitSI90_y": 1.2682181375844988e-05, "PDrive_norm_emit_x": 0.0001459723255705915, "PDrive_norm_emit_y": 1.6403177553492866e-05, "PDrive_charge_nC": 1.5996480000000006, "lostChargeFraction": 0.0, "alpha_x": -0.34741581096921575, "beta_x": 0.3574001123706479, "gamma_x": 3.1356950009829854, "emit_x": 1.6998166106652023e-09, "eta_x": 0.001937210353802426, "etap_x": 0.019153184527743113, "norm_emit_x": 3.266424770525241e-05, "alpha_y": -0.5024244810232753, "beta_y": 0.636583933305103, "gamma_y": 1.9674237655181919, "emit_y": 2.662527862233996e-10, "eta_y": 0.00240802148959906, "etap_y": 0.0007284814566967941, "norm_emit_y": 5.1211202071971055e-06}