{"PDrive_median_x": -6.9058842063969195e-06, "PDrive_median_y": 2.8700289941542366e-06, "PDrive_median_xp": -7.864507596414758e-06, "PDrive_median_yp": -5.8012599673944277e-05, "PDrive_sigmaSI90_x": 2.015923832155739e-05, "PDrive_sigmaSI90_y": 1.7829024734285283e-05, "PDrive_sigmaSI90_z": 2.0249310312941676e-05, "PDrive_sigmaSI90_xp": 0.00013174164019754227, "PDrive_sigmaSI90_yp": 2.8402755928777636e-05, "PDrive_emitSI90_x": 5.014281649119512e-05, "PDrive_emitSI90_y": 9.041651631435906e-06, "PDrive_norm_emit_x": 7.672373582803897e-05, "PDrive_norm_emit_y": 1.1515386416235737e-05, "PDrive_charge_nC": 1.5996480000000006, "lostChargeFraction": 0.0, "alpha_x": 0.5687704954642977, "beta_x": 0.2944783604733991, "gamma_x": 4.494387548148066, "emit_x": 1.2644946617801298e-09, "eta_x": -0.0003590165682597445, "etap_x": 0.00898011957706755, "norm_emit_x": 2.4354280610831857e-05, "alpha_y": -0.4900240741534684, "beta_y": 0.4125874764388153, "gamma_y": 3.0057228201735486, "emit_y": 2.389556750782366e-10, "eta_y": 0.0009565707802320082, "etap_y": 0.00036959353553921886, "norm_emit_y": 4.594822098583054e-06}