{"PDrive_median_x": -4.5700878641940515e-06, "PDrive_median_y": 2.6672920905413538e-06, "PDrive_median_xp": -2.7471297489058454e-05, "PDrive_median_yp": -5.910836599183122e-05, "PDrive_sigmaSI90_x": 2.037403880923315e-05, "PDrive_sigmaSI90_y": 1.7798949173131712e-05, "PDrive_sigmaSI90_z": 1.9856240933999657e-05, "PDrive_sigmaSI90_xp": 0.00014120012470851512, "PDrive_sigmaSI90_yp": 2.914033558364061e-05, "PDrive_emitSI90_x": 5.4457779453199315e-05, "PDrive_emitSI90_y": 9.206008422307566e-06, "PDrive_norm_emit_x": 8.307545280404517e-05, "PDrive_norm_emit_y": 1.1764926485624503e-05, "PDrive_charge_nC": 1.5996480000000006, "lostChargeFraction": 0.0, "alpha_x": 0.45688402405639994, "beta_x": 0.2745088510906398, "gamma_x": 4.40329339704553, "emit_x": 1.2988399211813538e-09, "eta_x": -0.0003713001609441262, "etap_x": 0.010256362921512954, "norm_emit_x": 2.5017015834392612e-05, "alpha_y": -0.5562124384583486, "beta_y": 0.4168478170853106, "gamma_y": 3.1411278241810026, "emit_y": 2.427381015904044e-10, "eta_y": 0.0009716058123466547, "etap_y": 0.000436829231316176, "norm_emit_y": 4.6672932902237355e-06}