{"PDrive_median_x": -1.1085923906482562e-05, "PDrive_median_y": -7.611313015435573e-06, "PDrive_median_xp": -2.513605080985299e-05, "PDrive_median_yp": -8.027842790590928e-05, "PDrive_sigmaSI90_x": 2.115104163628508e-05, "PDrive_sigmaSI90_y": 2.5626143058470653e-05, "PDrive_sigmaSI90_z": 1.9765308528840952e-05, "PDrive_sigmaSI90_xp": 0.0001391682002396486, "PDrive_sigmaSI90_yp": 3.844469373004609e-05, "PDrive_emitSI90_x": 5.8080397872032615e-05, "PDrive_emitSI90_y": 1.2851546160960077e-05, "PDrive_norm_emit_x": 8.471643851473573e-05, "PDrive_norm_emit_y": 1.6206935296043814e-05, "PDrive_charge_nC": 1.5996480000000006, "lostChargeFraction": 0.0, "alpha_x": 0.42524310585149655, "beta_x": 0.27187745657208623, "gamma_x": 4.343249763928619, "emit_x": 1.3108438256959488e-09, "eta_x": 0.00013566487261369923, "etap_x": 0.010022645540720543, "norm_emit_x": 2.5247863953769376e-05, "alpha_y": -0.4881454082650186, "beta_y": 0.42337637449397364, "gamma_y": 2.9247875276230078, "emit_y": 2.5557558479551887e-10, "eta_y": 0.0018839093579086814, "etap_y": 0.0021039041072958005, "norm_emit_y": 4.916584492703439e-06}