{"PDrive_median_x": -1.697034724988085e-05, "PDrive_median_y": 5.177128313383359e-06, "PDrive_median_xp": -1.2526687629569741e-05, "PDrive_median_yp": -5.856090443904732e-05, "PDrive_sigmaSI90_x": 2.1871041847293718e-05, "PDrive_sigmaSI90_y": 1.7954833398354306e-05, "PDrive_sigmaSI90_z": 1.983443054051736e-05, "PDrive_sigmaSI90_xp": 0.00013336752144618732, "PDrive_sigmaSI90_yp": 2.844048220806381e-05, "PDrive_emitSI90_x": 5.778804468563982e-05, "PDrive_emitSI90_y": 8.97396599540362e-06, "PDrive_norm_emit_x": 8.31820265128249e-05, "PDrive_norm_emit_y": 1.1514291518758e-05, "PDrive_charge_nC": 1.5996480000000006, "lostChargeFraction": 0.0, "alpha_x": 0.4755368253457666, "beta_x": 0.2819370340732479, "gamma_x": 4.348968471951, "emit_x": 1.3097550098764367e-09, "eta_x": 0.0004151924631960961, "etap_x": 0.009188620641253843, "norm_emit_x": 2.5226835950263163e-05, "alpha_y": -0.6140763399710552, "beta_y": 0.4493519760862866, "gamma_y": 3.0646126524384343, "emit_y": 2.3987434631836805e-10, "eta_y": 0.0009817766952870974, "etap_y": 0.00047762156506740174, "norm_emit_y": 4.61159689052898e-06}