{"PDrive_median_x": 1.0890039475217868e-05, "PDrive_median_y": 2.306972180056461e-06, "PDrive_median_xp": -3.2013856931993525e-05, "PDrive_median_yp": -5.893136225844386e-05, "PDrive_sigmaSI90_x": 2.2278297332011913e-05, "PDrive_sigmaSI90_y": 1.7850021460064713e-05, "PDrive_sigmaSI90_z": 2.015901184606082e-05, "PDrive_sigmaSI90_xp": 0.0001424916167528193, "PDrive_sigmaSI90_yp": 2.89349540821482e-05, "PDrive_emitSI90_x": 5.2513975154336624e-05, "PDrive_emitSI90_y": 9.165089484838242e-06, "PDrive_norm_emit_x": 8.15268904926057e-05, "PDrive_norm_emit_y": 1.1660482159547e-05, "PDrive_charge_nC": 1.5996480000000006, "lostChargeFraction": 0.0, "alpha_x": 0.5295429259967219, "beta_x": 0.272675850074497, "gamma_x": 4.695742986125653, "emit_x": 1.1925726560101704e-09, "eta_x": -0.0011268267515483267, "etap_x": 0.010791601061376067, "norm_emit_x": 2.2969415799686863e-05, "alpha_y": -0.5282554451783493, "beta_y": 0.41063681926708595, "gamma_y": 3.1148054810171693, "emit_y": 2.4026341630470094e-10, "eta_y": 0.0009798373711104639, "etap_y": 0.0004358867446022668, "norm_emit_y": 4.619914421963936e-06}