{"PDrive_median_x": -1.1546812249612538e-05, "PDrive_median_y": 1.5601062745538476e-05, "PDrive_median_xp": -2.415869340339836e-05, "PDrive_median_yp": -2.4836325710011304e-05, "PDrive_sigmaSI90_x": 2.1267790350857024e-05, "PDrive_sigmaSI90_y": 1.2096354509371293e-05, "PDrive_sigmaSI90_z": 1.976000734785832e-05, "PDrive_sigmaSI90_xp": 0.00013895076817782074, "PDrive_sigmaSI90_yp": 3.781646267958169e-05, "PDrive_emitSI90_x": 5.8396258115684535e-05, "PDrive_emitSI90_y": 8.29321927260096e-06, "PDrive_norm_emit_x": 8.495823379969721e-05, "PDrive_norm_emit_y": 1.0500665793469222e-05, "PDrive_charge_nC": 1.5996480000000006, "lostChargeFraction": 0.0, "alpha_x": 0.4361947442102396, "beta_x": 0.2748928823025909, "gamma_x": 4.3299260603133405, "emit_x": 1.320969811549869e-09, "eta_x": 0.0001621302403134804, "etap_x": 0.00996500149852787, "norm_emit_x": 2.544290563815338e-05, "alpha_y": -0.49364062928731395, "beta_y": 0.4001927360934188, "gamma_y": 3.1077052597797703, "emit_y": 2.459315267734055e-10, "eta_y": -3.260250736495705e-05, "etap_y": -0.001458868556404991, "norm_emit_y": 4.728734605128373e-06}