{"PDrive_median_x": -1.12929459304108e-05, "PDrive_median_y": -1.0804744554178596e-05, "PDrive_median_xp": -2.5057182908449123e-05, "PDrive_median_yp": -9.199109479329505e-05, "PDrive_sigmaSI90_x": 2.1156127130242394e-05, "PDrive_sigmaSI90_y": 2.722179726345591e-05, "PDrive_sigmaSI90_z": 1.9763808005507754e-05, "PDrive_sigmaSI90_xp": 0.0001389944249951553, "PDrive_sigmaSI90_yp": 4.124902404140908e-05, "PDrive_emitSI90_x": 5.8055397968968156e-05, "PDrive_emitSI90_y": 1.4047803855287696e-05, "PDrive_norm_emit_x": 8.462991359571207e-05, "PDrive_norm_emit_y": 1.7324267763795358e-05, "PDrive_charge_nC": 1.5996480000000006, "lostChargeFraction": 0.0, "alpha_x": 0.4258607467528158, "beta_x": 0.27203687204102145, "gamma_x": 4.342636962267103, "emit_x": 1.308656108765653e-09, "eta_x": 0.00014499744320799397, "etap_x": 0.010005984800085348, "norm_emit_x": 2.520571164432602e-05, "alpha_y": -0.4600535876813713, "beta_y": 0.4187657625233824, "gamma_y": 2.89338196188101, "emit_y": 2.590892007663736e-10, "eta_y": 0.0020708489125426882, "etap_y": 0.002460881673599803, "norm_emit_y": 4.984565686738454e-06}