{"PDrive_median_x": -1.4129236523822487e-05, "PDrive_median_y": -8.147459078723822e-06, "PDrive_median_xp": -1.8359164850648145e-05, "PDrive_median_yp": -5.176741924318481e-05, "PDrive_sigmaSI90_x": 2.108262855327398e-05, "PDrive_sigmaSI90_y": 2.1679734510982622e-05, "PDrive_sigmaSI90_z": 1.9764625621388458e-05, "PDrive_sigmaSI90_xp": 0.00013883862031991952, "PDrive_sigmaSI90_yp": 2.8477812904007497e-05, "PDrive_emitSI90_x": 5.7743302917460124e-05, "PDrive_emitSI90_y": 1.1540130997036157e-05, "PDrive_norm_emit_x": 8.441410957328726e-05, "PDrive_norm_emit_y": 1.4356788243537803e-05, "PDrive_charge_nC": 1.5996480000000006, "lostChargeFraction": 0.0, "alpha_x": 0.4509925626378862, "beta_x": 0.2775049008076685, "gamma_x": 4.336479420912028, "emit_x": 1.3234935992332464e-09, "eta_x": 0.00010780982828733127, "etap_x": 0.009902685533085329, "norm_emit_x": 2.5492195802624724e-05, "alpha_y": -0.43594627566980615, "beta_y": 0.42605384469366386, "gamma_y": 2.7931895700319975, "emit_y": 2.499558315909064e-10, "eta_y": 0.0013493841194413278, "etap_y": -0.00025758136212039335, "norm_emit_y": 4.808788979854334e-06}