{"PDrive_median_x": 5.652176682974227e-06, "PDrive_median_y": 1.4544553686666659e-06, "PDrive_median_xp": -6.081205288969886e-05, "PDrive_median_yp": -5.722913727722758e-05, "PDrive_sigmaSI90_x": 2.139040904377878e-05, "PDrive_sigmaSI90_y": 1.7573262289246914e-05, "PDrive_sigmaSI90_z": 1.98662296434355e-05, "PDrive_sigmaSI90_xp": 0.0001560247530211646, "PDrive_sigmaSI90_yp": 2.853363383097209e-05, "PDrive_emitSI90_x": 6.30603855931511e-05, "PDrive_emitSI90_y": 8.921999083998039e-06, "PDrive_norm_emit_x": 9.367021371162991e-05, "PDrive_norm_emit_y": 1.1415068277455926e-05, "PDrive_charge_nC": 1.5996480000000006, "lostChargeFraction": 0.0, "alpha_x": 0.3174466156386034, "beta_x": 0.25366806341782594, "gamma_x": 4.339420339119634, "emit_x": 1.3078753959094546e-09, "eta_x": -0.0004501624496133214, "etap_x": 0.012357241804463206, "norm_emit_x": 2.5191030243388045e-05, "alpha_y": -0.5211675338179963, "beta_y": 0.4222802604766675, "gamma_y": 3.0113072225316433, "emit_y": 2.3904741836530546e-10, "eta_y": 0.0009228823272026919, "etap_y": 0.00035605919439277134, "norm_emit_y": 4.596739483041785e-06}