{"PDrive_median_x": -2.853514816589508e-05, "PDrive_median_y": 4.538001424047654e-06, "PDrive_median_xp": 1.3028722558284382e-05, "PDrive_median_yp": -5.9077195006587745e-05, "PDrive_sigmaSI90_x": 2.311810534414747e-05, "PDrive_sigmaSI90_y": 1.7936756270694776e-05, "PDrive_sigmaSI90_z": 2.014018933251553e-05, "PDrive_sigmaSI90_xp": 0.00012491146048996255, "PDrive_sigmaSI90_yp": 2.8464296764274468e-05, "PDrive_emitSI90_x": 5.694314349771357e-05, "PDrive_emitSI90_y": 9.012448216583875e-06, "PDrive_norm_emit_x": 8.094878533459718e-05, "PDrive_norm_emit_y": 1.1545578805920433e-05, "PDrive_charge_nC": 1.5996480000000006, "lostChargeFraction": 0.0, "alpha_x": 0.5677197164216521, "beta_x": 0.30340086792134446, "gamma_x": 4.358279148880628, "emit_x": 1.32556864903859e-09, "eta_x": 0.0007552855345134985, "etap_x": 0.007779519766922791, "norm_emit_x": 2.5531691278922996e-05, "alpha_y": -0.5779495708201566, "beta_y": 0.4377047957197372, "gamma_y": 3.0477749374840784, "emit_y": 2.405265641499528e-10, "eta_y": 0.0009766292049653018, "etap_y": 0.00046288888078363906, "norm_emit_y": 4.6243699013780225e-06}