{"PDrive_median_x": -1.0969792601089554e-05, "PDrive_median_y": 1.2467164331436242e-05, "PDrive_median_xp": -2.4676829894640837e-05, "PDrive_median_yp": -3.6525553888547394e-05, "PDrive_sigmaSI90_x": 2.1311421508782976e-05, "PDrive_sigmaSI90_y": 1.2248004331600812e-05, "PDrive_sigmaSI90_z": 1.9763288904609827e-05, "PDrive_sigmaSI90_xp": 0.00013909667088999843, "PDrive_sigmaSI90_yp": 3.5214096409310675e-05, "PDrive_emitSI90_x": 5.855434956395986e-05, "PDrive_emitSI90_y": 8.037281218976697e-06, "PDrive_norm_emit_x": 8.503406368245376e-05, "PDrive_norm_emit_y": 1.0072935331647003e-05, "PDrive_charge_nC": 1.5996480000000006, "lostChargeFraction": 0.0, "alpha_x": 0.43424298493539676, "beta_x": 0.274153309084586, "gamma_x": 4.335409898696091, "emit_x": 1.3198719323946112e-09, "eta_x": 0.00016132651638292608, "etap_x": 0.009988879954659689, "norm_emit_x": 2.54216732615439e-05, "alpha_y": -0.5301504890699517, "beta_y": 0.41281165311215795, "gamma_y": 3.1032543083590096, "emit_y": 2.379454340926176e-10, "eta_y": 7.681475827924854e-05, "etap_y": -0.0011707362821289145, "norm_emit_y": 4.5739778364493715e-06}