{"PDrive_median_x": -1.8558181423061664e-05, "PDrive_median_y": 3.3513540909834395e-06, "PDrive_median_xp": -2.2256261997064504e-05, "PDrive_median_yp": -5.72153951975038e-05, "PDrive_sigmaSI90_x": 2.357249521424947e-05, "PDrive_sigmaSI90_y": 1.77289507874325e-05, "PDrive_sigmaSI90_z": 1.9696320292517442e-05, "PDrive_sigmaSI90_xp": 0.00013735568986392185, "PDrive_sigmaSI90_yp": 2.7847193414197645e-05, "PDrive_emitSI90_x": 6.353482223200326e-05, "PDrive_emitSI90_y": 8.753760900799695e-06, "PDrive_norm_emit_x": 8.80225033541403e-05, "PDrive_norm_emit_y": 1.1200140767707322e-05, "PDrive_charge_nC": 1.5996480000000006, "lostChargeFraction": 0.0, "alpha_x": 0.41112657048020523, "beta_x": 0.2730265914106729, "gamma_x": 4.281726006667337, "emit_x": 1.33170399060169e-09, "eta_x": 0.0006630185140193617, "etap_x": 0.00979156905591568, "norm_emit_x": 2.5649481050702112e-05, "alpha_y": -0.5448170180558745, "beta_y": 0.4438798762850268, "gamma_y": 2.921568767696443, "emit_y": 2.3666219983828765e-10, "eta_y": 0.0009278057333747916, "etap_y": 0.0003870132927713525, "norm_emit_y": 4.550433581318978e-06}