{"PDrive_median_x": -1.247804039684873e-05, "PDrive_median_y": -7.0297324632838275e-06, "PDrive_median_xp": -2.210450651855961e-05, "PDrive_median_yp": -5.593426643245395e-05, "PDrive_sigmaSI90_x": 2.1164759956228934e-05, "PDrive_sigmaSI90_y": 2.1976584346501618e-05, "PDrive_sigmaSI90_z": 1.9768201338771292e-05, "PDrive_sigmaSI90_xp": 0.00013929628430781009, "PDrive_sigmaSI90_yp": 2.8341656612743298e-05, "PDrive_emitSI90_x": 5.814767610427448e-05, "PDrive_emitSI90_y": 1.1433988093853414e-05, "PDrive_norm_emit_x": 8.48311652535906e-05, "PDrive_norm_emit_y": 1.4341236425972518e-05, "PDrive_charge_nC": 1.5996480000000006, "lostChargeFraction": 0.0, "alpha_x": 0.44104628966795945, "beta_x": 0.27506530568007037, "gamma_x": 4.342684464245836, "emit_x": 1.3207960561855412e-09, "eta_x": 0.00011944599376199674, "etap_x": 0.00999042140224778, "norm_emit_x": 2.5439819069561454e-05, "alpha_y": -0.46717208387792464, "beta_y": 0.43153179088309634, "gamma_y": 2.823082288935861, "emit_y": 2.5336909079985326e-10, "eta_y": 0.0013816200685778897, "etap_y": 1.2175004453499582e-05, "norm_emit_y": 4.874121018198071e-06}