{"PDrive_median_x": -9.696097172440636e-06, "PDrive_median_y": 1.2328084745925624e-05, "PDrive_median_xp": -2.786313733460224e-05, "PDrive_median_yp": -6.0380790179725344e-05, "PDrive_sigmaSI90_x": 2.1259456576188533e-05, "PDrive_sigmaSI90_y": 1.3743770639840125e-05, "PDrive_sigmaSI90_z": 1.976077001597072e-05, "PDrive_sigmaSI90_xp": 0.00013938317373706418, "PDrive_sigmaSI90_yp": 2.8807057396043932e-05, "PDrive_emitSI90_x": 5.861158052309197e-05, "PDrive_emitSI90_y": 6.76119471204461e-06, "PDrive_norm_emit_x": 8.518931640412159e-05, "PDrive_norm_emit_y": 9.204199341793901e-06, "PDrive_charge_nC": 1.5996480000000006, "lostChargeFraction": 0.0, "alpha_x": 0.4225552831749433, "beta_x": 0.2707631994085789, "gamma_x": 4.352707346911766, "emit_x": 1.313133950086309e-09, "eta_x": 0.00016515478860808003, "etap_x": 0.010064595062089291, "norm_emit_x": 2.529161616773954e-05, "alpha_y": -0.570033036692529, "beta_y": 0.4167816778846617, "gamma_y": 3.1789729088992336, "emit_y": 2.305241862420887e-10, "eta_y": 0.0005447619645953878, "etap_y": 0.0007526069100730655, "norm_emit_y": 4.431682616039621e-06}