{"PDrive_median_x": -5.075831247807436e-06, "PDrive_median_y": 8.126866240800174e-07, "PDrive_median_xp": -3.652171152105749e-05, "PDrive_median_yp": -5.7747702107915584e-05, "PDrive_sigmaSI90_x": 2.098055118089082e-05, "PDrive_sigmaSI90_y": 1.757783926940237e-05, "PDrive_sigmaSI90_z": 1.9769698095244904e-05, "PDrive_sigmaSI90_xp": 0.000145566611945691, "PDrive_sigmaSI90_yp": 2.8550671279564036e-05, "PDrive_emitSI90_x": 5.9685357933383374e-05, "PDrive_emitSI90_y": 8.964121903022027e-06, "PDrive_norm_emit_x": 8.760432726495137e-05, "PDrive_norm_emit_y": 1.144632553183155e-05, "PDrive_charge_nC": 1.5996480000000006, "lostChargeFraction": 0.0, "alpha_x": 0.38672299512407365, "beta_x": 0.2652492059810411, "gamma_x": 4.333866601809544, "emit_x": 1.3274602551351145e-09, "eta_x": -0.00012482935795995532, "etap_x": 0.010858298672967814, "norm_emit_x": 2.5568116027562005e-05, "alpha_y": -0.4817811354216973, "beta_y": 0.4121750345318181, "gamma_y": 2.989295709886344, "emit_y": 2.3999485452615717e-10, "eta_y": 0.0009184597420097011, "etap_y": 0.00033595018861562177, "norm_emit_y": 4.615256470959877e-06}