{"PDrive_median_x": -3.66642181439339e-05, "PDrive_median_y": 3.6961016476219126e-06, "PDrive_median_xp": -1.632545140948956e-05, "PDrive_median_yp": -5.7388452411195055e-05, "PDrive_sigmaSI90_x": 2.8650984820926697e-05, "PDrive_sigmaSI90_y": 1.7656921524319802e-05, "PDrive_sigmaSI90_z": 1.9588883443910664e-05, "PDrive_sigmaSI90_xp": 0.0001353718449421488, "PDrive_sigmaSI90_yp": 2.8060952284994315e-05, "PDrive_emitSI90_x": 7.325378947949215e-05, "PDrive_emitSI90_y": 8.816830549092632e-06, "PDrive_norm_emit_x": 9.568151021906443e-05, "PDrive_norm_emit_y": 1.1300602473965592e-05, "PDrive_charge_nC": 1.5996480000000006, "lostChargeFraction": 0.0, "alpha_x": 0.42472587737737605, "beta_x": 0.28395557085668194, "gamma_x": 4.15696042642442, "emit_x": 1.3743925720548659e-09, "eta_x": 0.0015022161543179675, "etap_x": 0.009424198652897401, "norm_emit_x": 2.6473454954729474e-05, "alpha_y": -0.566159767959758, "beta_y": 0.4479719106203472, "gamma_y": 2.947811797011068, "emit_y": 2.390393723778822e-10, "eta_y": 0.0009179259165020683, "etap_y": 0.000386235286101271, "norm_emit_y": 4.59598531601384e-06}