{"PDrive_median_x": -7.58157775661564e-06, "PDrive_median_y": 1.3503177346882039e-05, "PDrive_median_xp": -3.250798463080223e-05, "PDrive_median_yp": -6.46348320079895e-05, "PDrive_sigmaSI90_x": 2.1383546589780898e-05, "PDrive_sigmaSI90_y": 1.3995326923431625e-05, "PDrive_sigmaSI90_z": 1.9765230530656638e-05, "PDrive_sigmaSI90_xp": 0.00013981614701525445, "PDrive_sigmaSI90_yp": 2.9628593668223923e-05, "PDrive_emitSI90_x": 5.9132268043225645e-05, "PDrive_emitSI90_y": 6.941751554085874e-06, "PDrive_norm_emit_x": 8.56867457035312e-05, "PDrive_norm_emit_y": 9.289180176300536e-06, "PDrive_charge_nC": 1.5996480000000006, "lostChargeFraction": 0.0, "alpha_x": 0.408269862582829, "beta_x": 0.2677370610555567, "gamma_x": 4.357574838887581, "emit_x": 1.3103207516854106e-09, "eta_x": 0.00018491118555201007, "etap_x": 0.010168759165455553, "norm_emit_x": 2.5236830216498817e-05, "alpha_y": -0.5768151875699519, "beta_y": 0.41885748456423616, "gamma_y": 3.1817881015015574, "emit_y": 2.3310007005339715e-10, "eta_y": 0.0005849646499384611, "etap_y": 0.0010000486221445825, "norm_emit_y": 4.481272247511098e-06}