{"x": 7.49508905156177e-06, "px": -5.10955653897432e-06, "y": 3.60509136946258e-10, "py": 2.07992310003499e-09, "z": 3.55403005977031e-07, "pz": 8.58306885885983e-15, "spin": [0.0, 0.0, 0.0], "field": [0.0, 0.0], "phase": [0.0, 0.0], "s": 994.772814779842, "t": 3.318221941389e-06, "charge": 0.0, "dt_ref": 0.0, "p0c": 9999999986.94688, "beta": 0.9999999986944, "ix_ele": 1533, "state": "Alive", "direction": 1, "species": "Electron", "location": "Downstream_End", "mode_flip": false, "beta_a": 0.495672945023218, "alpha_a": 0.00359062147723455, "gamma_a": 2.01748532495707, "phi_a": 73.0936240396461, "eta_a": 2.79669229815193e-06, "etap_a": 5.87409880713051e-05, "beta_b": 0.499368996569131, "alpha_b": 0.00320140898275199, "gamma_b": 2.0025477270114, "phi_b": 60.4041675884934, "eta_b": -0.00194540755230393, "etap_b": -0.0112022950118211, "eta_x": 2.8012091260827e-06, "etap_x": 5.87286029662985e-05, "eta_y": -0.00194789512187715, "etap_y": -0.0112166190994543}