{"x": -7.51228641959837e-06, "px": 5.13375583407611e-06, "y": 2.31006105243658e-17, "py": -3.21898451777834e-18, "z": -3.55960879798408e-07, "pz": 8.58306885885983e-15, "spin": [0.0, 0.0, 0.0], "field": [0.0, 0.0], "phase": [0.0, 0.0], "s": 994.772814779842, "t": 3.31822194376185e-06, "charge": 0.0, "dt_ref": 0.0, "p0c": 9999999986.94688, "beta": 0.9999999986944, "ix_ele": 1533, "state": "Alive", "direction": 1, "species": "Electron", "location": "Downstream_End", "mode_flip": false, "beta_a": 0.458696630601814, "alpha_a": 0.173653568104049, "gamma_a": 2.24583197910936, "phi_a": 72.9106403772531, "eta_a": -0.00444586715607343, "etap_a": 0.00296459485562284, "beta_b": 0.3999032805939, "alpha_b": 0.22337144493942, "gamma_b": 2.62537181704315, "phi_b": 60.4549751862643, "eta_b": 2.65810129089763e-13, "etap_b": -4.66186718920218e-14, "eta_x": -0.00444586715607343, "etap_x": 0.00296459485562284, "eta_y": 2.89239949711129e-13, "etap_y": -5.07416619423541e-14}