{"x": -6.69117089686778e-06, "px": 8.98111323269584e-06, "y": 9.36058546473107e-10, "py": -7.53196567785844e-11, "z": 3.56859505176066e-07, "pz": 8.58306885885983e-15, "spin": [0.0, 0.0, 0.0], "field": [0.0, 0.0], "phase": [0.0, 0.0], "s": 994.772814779842, "t": 3.31822194138414e-06, "charge": 0.0, "dt_ref": 0.0, "p0c": 9999999986.94688, "beta": 0.9999999986944, "ix_ele": 1533, "state": "Alive", "direction": 1, "species": "Electron", "location": "Downstream_End", "mode_flip": false, "beta_a": 0.500107697519269, "alpha_a": -8.12140568101499e-05, "gamma_a": 1.99956931588159, "phi_a": 73.1003767565503, "eta_a": -0.000102540163622889, "etap_a": -3.71399001740566e-05, "beta_b": 0.499953928374591, "alpha_b": 0.000154837328009458, "gamma_b": 2.00018435143757, "phi_b": 60.4081915606028, "eta_b": -0.00471115374287502, "etap_b": 0.000388170380501129, "eta_x": -0.000102533844150293, "etap_x": -3.714595637409e-05, "eta_y": -0.00472661940445694, "etap_y": 0.000389444475204939}