{"x": 6.69189858648552e-06, "px": -8.9820896869304e-06, "y": 8.8397488846748e-18, "py": -7.0994880207688e-19, "z": -3.58012880411453e-07, "pz": 8.58306885885983e-15, "spin": [0.0, 0.0, 0.0], "field": [0.0, 0.0], "phase": [0.0, 0.0], "s": 994.772814779842, "t": 3.3182219437687e-06, "charge": 0.0, "dt_ref": 0.0, "p0c": 9999999986.94688, "beta": 0.9999999986944, "ix_ele": 1533, "state": "Alive", "direction": 1, "species": "Electron", "location": "Downstream_End", "mode_flip": false, "beta_a": 0.416312764381001, "alpha_a": 0.103101031465914, "gamma_a": 2.42757347157492, "phi_a": 72.9367178909705, "eta_a": 0.00407498079331902, "etap_a": -0.00531168416237999, "beta_b": 0.531149797649439, "alpha_b": -0.209662386233765, "gamma_b": 1.96546872618834, "phi_b": 60.6153766462771, "eta_b": -1.5386561417016e-13, "etap_b": 2.71224110542646e-14, "eta_x": 0.00407498079331902, "etap_x": -0.00531168416237999, "eta_y": -1.47351027694021e-13, "etap_y": 2.59761473648827e-14}