{"x": -2.45745973434444e-06, "px": -1.1020283958438e-05, "y": 1.14659066210095e-06, "py": -3.97327711004307e-07, "z": -2.01325432965104e-06, "pz": 8.58306885885983e-15, "spin": [0.0, 0.0, 0.0], "field": [0.0, 0.0], "phase": [0.0, 0.0], "s": 994.772814779842, "t": 3.31822194928999e-06, "charge": 0.0, "dt_ref": 0.0, "p0c": 9999999986.94688, "beta": 0.9999999986944, "ix_ele": 1533, "state": "Alive", "direction": 1, "species": "Electron", "location": "Downstream_End", "mode_flip": false, "beta_a": 0.531478704368983, "alpha_a": -0.0338733421993816, "gamma_a": 1.88370182113017, "phi_a": 73.1506073287125, "eta_a": -0.000874670552065682, "etap_a": 0.000592582861245455, "beta_b": 0.494983046398742, "alpha_b": -0.0152496429229785, "gamma_b": 2.02074103120599, "phi_b": 60.4240481891606, "eta_b": 0.00313098783585861, "etap_b": -0.0136356277450076, "eta_x": 0.00126502927458703, "etap_x": -0.00152900744283381, "eta_y": 0.00315724910808561, "etap_y": -0.0135622789500317}