{"x": -1.89285350542032e-05, "px": 1.2079102118801e-05, "y": -2.01142466568726e-09, "py": -1.53488385031256e-08, "z": -1.0069212654961e-06, "pz": 8.58306885885983e-15, "spin": [0.0, 0.0, 0.0], "field": [0.0, 0.0], "phase": [0.0, 0.0], "s": 994.772814779842, "t": 3.31822194593322e-06, "charge": 0.0, "dt_ref": 0.0, "p0c": 9999999986.94688, "beta": 0.9999999986944, "ix_ele": 1533, "state": "Alive", "direction": 1, "species": "Electron", "location": "Downstream_End", "mode_flip": false, "beta_a": 0.511363094254966, "alpha_a": -0.0070514992868654, "gamma_a": 1.95565486613621, "phi_a": 73.1154408675495, "eta_a": -2.48100277388264e-05, "etap_a": -0.000164297739424605, "beta_b": 0.501385242504997, "alpha_b": -0.008064745478178, "gamma_b": 1.99460405959128, "phi_b": 60.4191340250692, "eta_b": -0.00167297183658255, "etap_b": -0.0120061906294221, "eta_x": -2.44668265631188e-05, "etap_x": -0.000164605535474128, "eta_y": -0.00166728572649064, "etap_y": -0.0119654221618328}