{"PDrive_median_x": -1.421310880170079e-08, "PDrive_median_y": -5.713048158202639e-07, "PDrive_median_xp": -1.0495101241453835e-05, "PDrive_median_yp": -3.609024608475143e-07, "PDrive_sigmaSI90_x": 1.4903811666142839e-05, "PDrive_sigmaSI90_y": 8.967325907875547e-06, "PDrive_sigmaSI90_z": 3.803364086211541e-06, "PDrive_sigmaSI90_xp": 3.116921807957872e-05, "PDrive_sigmaSI90_yp": 1.8758130234560297e-05, "PDrive_emitSI90_x": 6.566514114163465e-06, "PDrive_emitSI90_y": 3.137066139960751e-06, "PDrive_norm_emit_x": 1.4308548415105015e-05, "PDrive_norm_emit_y": 4.821047481131196e-06, "PDrive_charge_nC": 1.5997440000000005, "lostChargeFraction": 0.0, "alpha_x": 0.8585369163520703, "beta_x": 0.770529790904858, "gamma_x": 2.2544042517803313, "emit_x": 1.7022846826017587e-10, "eta_x": -0.002169741498848384, "etap_x": -0.000965677415899621, "norm_emit_x": 3.331289365804549e-06, "alpha_y": 0.8348235222066583, "beta_y": 0.5966876740053324, "gamma_y": 2.843917156589975, "emit_y": 8.620344948413039e-11, "eta_y": -0.00036428681633294126, "etap_y": -0.0015274799199647801, "norm_emit_y": 1.6870138487842716e-06}