{"PDrive_median_x": -5.3903699633673855e-08, "PDrive_median_y": 4.977019947509484e-07, "PDrive_median_xp": -1.0446839535555727e-05, "PDrive_median_yp": 6.795735606053582e-07, "PDrive_sigmaSI90_x": 1.4864465617414225e-05, "PDrive_sigmaSI90_y": 8.939870374861444e-06, "PDrive_sigmaSI90_z": 3.797981105626658e-06, "PDrive_sigmaSI90_xp": 3.1196185238630496e-05, "PDrive_sigmaSI90_yp": 1.8898738116510324e-05, "PDrive_emitSI90_x": 6.468066245186417e-06, "PDrive_emitSI90_y": 3.152988178263434e-06, "PDrive_norm_emit_x": 1.429067910050832e-05, "PDrive_norm_emit_y": 4.840529009400451e-06, "PDrive_charge_nC": 1.5997440000000005, "lostChargeFraction": 0.0, "alpha_x": 0.8494661481805127, "beta_x": 0.7642147248713023, "gamma_x": 2.2527604884799386, "emit_x": 1.693086607305635e-10, "eta_x": -0.002168168271792625, "etap_x": -0.000970484533207924, "norm_emit_x": 3.3132908612446607e-06, "alpha_y": 0.8277365142813033, "beta_y": 0.5868577744523605, "gamma_y": 2.8714755268379895, "emit_y": 8.728906839636866e-11, "eta_y": 0.0003469139331403368, "etap_y": 0.0015273632346513863, "norm_emit_y": 1.7082498620835459e-06}