{"PDrive_median_x": 5.522878666572397e-07, "PDrive_median_y": -2.588745306688597e-08, "PDrive_median_xp": -1.0576538703087233e-05, "PDrive_median_yp": 1.800892119648672e-07, "PDrive_sigmaSI90_x": 1.4227037574197676e-05, "PDrive_sigmaSI90_y": 9.140664208244894e-06, "PDrive_sigmaSI90_z": 3.826857160062718e-06, "PDrive_sigmaSI90_xp": 3.130203150307049e-05, "PDrive_sigmaSI90_yp": 1.7243641010667873e-05, "PDrive_emitSI90_x": 6.092395299360889e-06, "PDrive_emitSI90_y": 2.9152316060656575e-06, "PDrive_norm_emit_x": 1.3751886919417042e-05, "PDrive_norm_emit_y": 4.639263295864947e-06, "PDrive_charge_nC": 1.5997440000000005, "lostChargeFraction": 0.0, "alpha_x": 0.8315934039686043, "beta_x": 0.758948271518195, "gamma_x": 2.228804851403548, "emit_x": 1.673780974375948e-10, "eta_x": -0.0014962786430340303, "etap_x": -0.0014472018729425316, "norm_emit_x": 3.2755157704800297e-06, "alpha_y": 0.8030660376100752, "beta_y": 0.62614886544584, "gamma_y": 2.6270351214187846, "emit_y": 8.515272785861604e-11, "eta_y": -7.503422797500566e-06, "etap_y": 1.192099604356742e-06, "norm_emit_y": 1.6664705874860993e-06}