{"PDrive_median_x": -2.896839216729796e-07, "PDrive_median_y": 1.3332322558453685e-06, "PDrive_median_xp": -1.0203460800524276e-05, "PDrive_median_yp": 1.7529186192147328e-07, "PDrive_sigmaSI90_x": 1.4854756865904311e-05, "PDrive_sigmaSI90_y": 9.131237720857413e-06, "PDrive_sigmaSI90_z": 3.796815314421635e-06, "PDrive_sigmaSI90_xp": 3.121776227939084e-05, "PDrive_sigmaSI90_yp": 1.7925248310229097e-05, "PDrive_emitSI90_x": 6.491782958236377e-06, "PDrive_emitSI90_y": 2.9799985457508206e-06, "PDrive_norm_emit_x": 1.4303622502141668e-05, "PDrive_norm_emit_y": 4.767641204986509e-06, "PDrive_charge_nC": 1.5997440000000005, "lostChargeFraction": 0.0, "alpha_x": 0.8572844447582029, "beta_x": 0.7679310190308506, "gamma_x": 2.2592349784410537, "emit_x": 1.6962230934252372e-10, "eta_x": -0.0021747052261669197, "etap_x": -0.0009601737785382918, "norm_emit_x": 3.3194217896858494e-06, "alpha_y": 0.842772487173899, "beta_y": 0.5964774146062519, "gamma_y": 2.867276150374049, "emit_y": 8.609123035683066e-11, "eta_y": 0.0007584819055079578, "etap_y": -3.113892897554591e-05, "norm_emit_y": 1.6848374854636452e-06}