{"PDrive_median_x": 9.590912242733922e-07, "PDrive_median_y": -2.3587526378465908e-08, "PDrive_median_xp": -1.1234239041086365e-05, "PDrive_median_yp": 1.7753111573443172e-07, "PDrive_sigmaSI90_x": 1.4585836354593105e-05, "PDrive_sigmaSI90_y": 8.785897659584128e-06, "PDrive_sigmaSI90_z": 3.7659442758543255e-06, "PDrive_sigmaSI90_xp": 3.202620799446724e-05, "PDrive_sigmaSI90_yp": 1.7896418547161765e-05, "PDrive_emitSI90_x": 6.678774183040258e-06, "PDrive_emitSI90_y": 2.8897524149875966e-06, "PDrive_norm_emit_x": 1.3963373693613377e-05, "PDrive_norm_emit_y": 4.638880265207857e-06, "PDrive_charge_nC": 1.5997440000000005, "lostChargeFraction": 0.0, "alpha_x": 0.8697413410086695, "beta_x": 0.7616824562254673, "gamma_x": 2.3060134651960893, "emit_x": 1.6886865127508513e-10, "eta_x": -0.0014811201251515318, "etap_x": -0.0018522205710178087, "norm_emit_x": 3.3046715930161348e-06, "alpha_y": 0.7968070309611499, "beta_y": 0.5668394568181873, "gamma_y": 2.884240722701692, "emit_y": 8.537772890295084e-11, "eta_y": -7.458819640418449e-06, "etap_y": 1.8667281308596425e-06, "norm_emit_y": 1.6708742552532767e-06}