{"PDrive_median_x": -4.308143645388918e-07, "PDrive_median_y": -4.0150769588985274e-07, "PDrive_median_xp": -1.0213922767129704e-05, "PDrive_median_yp": -2.6169871063969257e-07, "PDrive_sigmaSI90_x": 1.4878432423756683e-05, "PDrive_sigmaSI90_y": 8.951344116918969e-06, "PDrive_sigmaSI90_z": 3.8001355419610257e-06, "PDrive_sigmaSI90_xp": 3.120696616352215e-05, "PDrive_sigmaSI90_yp": 1.8541206831447955e-05, "PDrive_emitSI90_x": 6.508851014214197e-06, "PDrive_emitSI90_y": 3.0681665996050485e-06, "PDrive_norm_emit_x": 1.4307484626258322e-05, "PDrive_norm_emit_y": 4.762257942691212e-06, "PDrive_charge_nC": 1.5997440000000005, "lostChargeFraction": 0.0, "alpha_x": 0.8602911706561096, "beta_x": 0.771540860998299, "gamma_x": 2.2553580584926345, "emit_x": 1.6990797078806496e-10, "eta_x": -0.002182186500624056, "etap_x": -0.0009446256032693105, "norm_emit_x": 3.3250032139253446e-06, "alpha_y": 0.8388123562153013, "beta_y": 0.5959752617699867, "gamma_y": 2.8585182611102447, "emit_y": 8.586890591484632e-11, "eta_y": -0.0002565439126511213, "etap_y": -0.0013158213605367719, "norm_emit_y": 1.680472518223821e-06}