{"PDrive_median_x": -4.1459282006228225e-07, "PDrive_median_y": 3.528549566367185e-07, "PDrive_median_xp": -1.0194513874278454e-05, "PDrive_median_yp": 5.967174554511909e-07, "PDrive_sigmaSI90_x": 1.486106575106636e-05, "PDrive_sigmaSI90_y": 8.927639401913446e-06, "PDrive_sigmaSI90_z": 3.7979029000922724e-06, "PDrive_sigmaSI90_xp": 3.1198006925491574e-05, "PDrive_sigmaSI90_yp": 1.86421076269566e-05, "PDrive_emitSI90_x": 6.6649265458605215e-06, "PDrive_emitSI90_y": 3.075063390045342e-06, "PDrive_norm_emit_x": 1.4291250891371522e-05, "PDrive_norm_emit_y": 4.776869743486124e-06, "PDrive_charge_nC": 1.5997440000000005, "lostChargeFraction": 0.0, "alpha_x": 0.8524637724239948, "beta_x": 0.7661852955600492, "gamma_x": 2.2536251913229517, "emit_x": 1.692997287251276e-10, "eta_x": -0.002179699042400553, "etap_x": -0.0009496287955034331, "norm_emit_x": 3.3131029990644817e-06, "alpha_y": 0.8353916050297265, "beta_y": 0.5892667041300738, "gamma_y": 2.8813423902181916, "emit_y": 8.662125855624361e-11, "eta_y": 0.00023961856410764285, "etap_y": 0.0013185497645151229, "norm_emit_y": 1.695190833362924e-06}