{"PDrive_median_x": -1.3263661904422203e-06, "PDrive_median_y": -2.0564544673053336e-08, "PDrive_median_xp": -9.919033135848945e-06, "PDrive_median_yp": 1.7089328905021554e-07, "PDrive_sigmaSI90_x": 1.7781452491607814e-05, "PDrive_sigmaSI90_y": 8.896423328122396e-06, "PDrive_sigmaSI90_z": 3.739254278638167e-06, "PDrive_sigmaSI90_xp": 3.1254002347051125e-05, "PDrive_sigmaSI90_yp": 1.8104352095588242e-05, "PDrive_emitSI90_x": 7.955285173473998e-06, "PDrive_emitSI90_y": 2.9035135396151296e-06, "PDrive_norm_emit_x": 1.5948773219170336e-05, "PDrive_norm_emit_y": 4.638463784695361e-06, "PDrive_charge_nC": 1.5997440000000005, "lostChargeFraction": 0.0, "alpha_x": 0.9111105431603592, "beta_x": 0.7951871362286688, "gamma_x": 2.301499028942646, "emit_x": 1.742288145757717e-10, "eta_x": -0.0037586952315920943, "etap_x": 0.00012973394654712392, "norm_emit_x": 3.4095127916347657e-06, "alpha_y": 0.8579549513590784, "beta_y": 0.5863060097501308, "gamma_y": 2.961059019847734, "emit_y": 8.551117345455863e-11, "eta_y": -8.011030937743888e-06, "etap_y": 1.9604202201924717e-06, "norm_emit_y": 1.673486588207955e-06}