{"PDrive_median_x": 5.872361890099592e-08, "PDrive_median_y": -1.079296971431936e-06, "PDrive_median_xp": -1.0695897861681258e-05, "PDrive_median_yp": 2.4322277130834246e-07, "PDrive_sigmaSI90_x": 1.4876101206255422e-05, "PDrive_sigmaSI90_y": 9.051660990021295e-06, "PDrive_sigmaSI90_z": 3.7978276665755433e-06, "PDrive_sigmaSI90_xp": 3.118009422809804e-05, "PDrive_sigmaSI90_yp": 1.7911230310693817e-05, "PDrive_emitSI90_x": 6.72535736843175e-06, "PDrive_emitSI90_y": 2.955716175852118e-06, "PDrive_norm_emit_x": 1.428807973954331e-05, "PDrive_norm_emit_y": 4.7225707012913436e-06, "PDrive_charge_nC": 1.5997440000000005, "lostChargeFraction": 0.0, "alpha_x": 0.8509900405567494, "beta_x": 0.766432102033716, "gamma_x": 2.249623997418273, "emit_x": 1.6944299123805476e-10, "eta_x": -0.0021627147044700904, "etap_x": -0.0009741796634626383, "norm_emit_x": 3.3159214506123603e-06, "alpha_y": 0.8340891299583078, "beta_y": 0.5923836740322397, "gamma_y": 2.862510820347693, "emit_y": 8.609229052791087e-11, "eta_y": -0.0006209330311402958, "etap_y": 0.00017609684869379093, "norm_emit_y": 1.684860445101126e-06}