{"x": 1.07665488353972e-17, "px": -8.54148430787333e-19, "y": -9.73783792031515e-19, "py": -7.35505843412065e-20, "z": -1.52790996376133e-15, "pz": 8.58306885885983e-15, "spin": [0.0, 0.0, 0.0], "field": [0.0, 0.0], "phase": [0.0, 0.0], "s": 994.772814779842, "t": 3.3182219425745e-06, "charge": 0.0, "dt_ref": 0.0, "p0c": 9999999986.94688, "beta": 0.9999999986944, "ix_ele": 1533, "state": "Alive", "direction": 1, "species": "Electron", "location": "Downstream_End", "mode_flip": false, "beta_a": 0.500113514905197, "alpha_a": -8.61413026751329e-05, "gamma_a": 1.99954605827816, "phi_a": 73.1003856252223, "eta_a": -4.29100544671707e-07, "etap_a": -7.60864677687215e-06, "beta_b": 0.499955681369933, "alpha_b": 0.000116201966385052, "gamma_b": 2.00017731724298, "phi_b": 60.4082301501082, "eta_b": -6.77061438266207e-18, "etap_b": -1.31862568529426e-17, "eta_x": -4.29100544671707e-07, "etap_x": -7.60864677687215e-06, "eta_y": -6.77059836943936e-18, "etap_y": -1.31862402801866e-17}