{"x": 8.04083761472611e-07, "px": 3.87133560278894e-06, "y": 4.39335645978357e-07, "py": -3.40842376137869e-08, "z": 7.12995077475396e-07, "pz": 8.58306885885983e-15, "spin": [0.0, 0.0, 0.0], "field": [0.0, 0.0], "phase": [0.0, 0.0], "s": 994.772814779842, "t": 3.3182219401962e-06, "charge": 0.0, "dt_ref": 0.0, "p0c": 9999999986.94688, "beta": 0.9999999986944, "ix_ele": 1533, "state": "Alive", "direction": 1, "species": "Electron", "location": "Downstream_End", "mode_flip": false, "beta_a": 0.475843731184935, "alpha_a": 0.0376433864803426, "gamma_a": 2.10450817971691, "phi_a": 73.0502457144032, "eta_a": 0.00102455700261946, "etap_a": -0.0007362292799529, "beta_b": 0.50619720358557, "alpha_b": 0.00854884375168724, "gamma_b": 1.97565904285055, "phi_b": 60.3993888815731, "eta_b": -0.00668644453356516, "etap_b": -0.0107538341955355, "eta_x": -0.00110613450694685, "etap_x": 0.00138048878915523, "eta_y": -0.00667464727038975, "etap_y": -0.0108245975182343}