{"x": -4.50659940820778e-07, "px": -4.34347412834836e-06, "y": -9.16253428918955e-20, "py": -4.06489716339203e-19, "z": -7.32827858645024e-07, "pz": 8.58306885885983e-15, "spin": [0.0, 0.0, 0.0], "field": [0.0, 0.0], "phase": [0.0, 0.0], "s": 994.772814779842, "t": 3.31822194501894e-06, "charge": 0.0, "dt_ref": 0.0, "p0c": 9999999986.94688, "beta": 0.9999999986944, "ix_ele": 1533, "state": "Alive", "direction": 1, "species": "Electron", "location": "Downstream_End", "mode_flip": false, "beta_a": 0.46684066303949, "alpha_a": -0.080224222832131, "gamma_a": 2.15584460740063, "phi_a": 73.137849768717, "eta_a": 0.00829711263959123, "etap_a": -0.00811854193184182, "beta_b": 0.709424960061019, "alpha_b": -0.488046148618257, "gamma_b": 1.74534180905422, "phi_b": 60.5390829365623, "eta_b": 1.04445369199959e-13, "etap_b": -1.83848038626858e-14, "eta_x": 0.00829711263959123, "etap_x": -0.00811854193184182, "eta_y": 8.84262781684458e-14, "etap_y": -1.55657707651346e-14}