{"x": 8.0371037227353e-07, "px": 3.87183673795056e-06, "y": 4.38614709261687e-07, "py": -3.82440909811551e-08, "z": 7.13014984632407e-07, "pz": 8.58306885885983e-15, "spin": [0.0, 0.0, 0.0], "field": [0.0, 0.0], "phase": [0.0, 0.0], "s": 994.772814779842, "t": 3.31822194019613e-06, "charge": 0.0, "dt_ref": 0.0, "p0c": 9999999986.94688, "beta": 0.9999999986944, "ix_ele": 1533, "state": "Alive", "direction": 1, "species": "Electron", "location": "Downstream_End", "mode_flip": false, "beta_a": 0.51809932329204, "alpha_a": -0.0286756472905337, "gamma_a": 1.93171897308847, "phi_a": 73.1357643274087, "eta_a": -0.00123951561018512, "etap_a": 0.000806070473121945, "beta_b": 0.49256062814698, "alpha_b": -0.00220171707340715, "gamma_b": 2.03021677010626, "phi_b": 60.4090020339393, "eta_b": -0.00272151595683446, "etap_b": 0.011693766507399, "eta_x": 0.000907527168523374, "etap_x": -0.00132210713132388, "eta_y": -0.00277929677041588, "etap_y": 0.0116086792859554}