{"x": -4.523394069909e-07, "px": -4.34238572714274e-06, "y": 1.42134733525194e-18, "py": -2.49893643871399e-19, "z": -7.32916426537822e-07, "pz": 8.58306885885983e-15, "spin": [0.0, 0.0, 0.0], "field": [0.0, 0.0], "phase": [0.0, 0.0], "s": 994.772814779842, "t": 3.31822194501924e-06, "charge": 0.0, "dt_ref": 0.0, "p0c": 9999999986.94688, "beta": 0.9999999986944, "ix_ele": 1533, "state": "Alive", "direction": 1, "species": "Electron", "location": "Downstream_End", "mode_flip": false, "beta_a": 0.407367194112397, "alpha_a": 0.298514106018433, "gamma_a": 2.67353554049688, "phi_a": 72.7377862656264, "eta_a": -0.000150386088610213, "etap_a": -0.00262572914975742, "beta_b": 0.388633098034496, "alpha_b": -0.0521961052440125, "gamma_b": 2.58013133331644, "phi_b": 60.7271631629118, "eta_b": 1.04511685652399e-13, "etap_b": -1.83895005518065e-14, "eta_x": -0.000150386088610213, "etap_x": -0.00262572914975742, "eta_y": 1.06229745949004e-13, "etap_y": -1.8691828907949e-14}