{"x": -7.51052026133309e-06, "px": 5.13255106124766e-06, "y": 2.28247079250889e-17, "py": -3.17043454476128e-18, "z": -3.55876765067755e-07, "pz": 8.58306885885983e-15, "spin": [0.0, 0.0, 0.0], "field": [0.0, 0.0], "phase": [0.0, 0.0], "s": 994.772814779842, "t": 3.31822194376157e-06, "charge": 0.0, "dt_ref": 0.0, "p0c": 9999999986.94688, "beta": 0.9999999986944, "ix_ele": 1533, "state": "Alive", "direction": 1, "species": "Electron", "location": "Downstream_End", "mode_flip": false, "beta_a": 0.589709473815474, "alpha_a": -0.154129194018032, "gamma_a": 1.73603418955584, "phi_a": 73.2800274558924, "eta_a": 0.00443632117731698, "etap_a": -0.00311172373810782, "beta_b": 0.614170372953725, "alpha_b": -0.301885664889097, "gamma_b": 1.776599788456, "phi_b": 60.37782291134, "eta_b": 2.65733890093333e-13, "etap_b": -4.6610004061014e-14, "eta_x": 0.00443632117731698, "etap_x": -0.00311172373810782, "eta_y": 2.42798338682529e-13, "etap_y": -4.25739862018178e-14}