{"x": -6.69117089686778e-06, "px": 8.98111323269584e-06, "y": -9.36058531279601e-10, "py": 7.53196553737057e-11, "z": 3.56859505176066e-07, "pz": 8.58306885885983e-15, "spin": [0.0, 0.0, 0.0], "field": [0.0, 0.0], "phase": [0.0, 0.0], "s": 994.772814779842, "t": 3.31822194138414e-06, "charge": 0.0, "dt_ref": 0.0, "p0c": 9999999986.94688, "beta": 0.9999999986944, "ix_ele": 1533, "state": "Alive", "direction": 1, "species": "Electron", "location": "Downstream_End", "mode_flip": false, "beta_a": 0.500107697519332, "alpha_a": -8.12140568310638e-05, "gamma_a": 1.99956931588134, "phi_a": 73.1003767565504, "eta_a": -0.000102540163625387, "etap_a": -3.71399001707446e-05, "beta_b": 0.499953928374626, "alpha_b": 0.000154837327496077, "gamma_b": 2.00018435143743, "phi_b": 60.4081915606033, "eta_b": 0.00471115374318083, "etap_b": -0.000388170380554841, "eta_x": -0.000102533844152223, "etap_x": -3.7145956370204e-05, "eta_y": 0.00472661940476378, "etap_y": -0.000389444475258838}