{"x": -2.45998544311475e-06, "px": -1.10167425933525e-05, "y": -1.150630167766e-06, "py": 3.6663109104975e-07, "z": -2.01309896298446e-06, "pz": 8.58306885885983e-15, "spin": [0.0, 0.0, 0.0], "field": [0.0, 0.0], "phase": [0.0, 0.0], "s": 994.772814779842, "t": 3.31822194928947e-06, "charge": 0.0, "dt_ref": 0.0, "p0c": 9999999986.94688, "beta": 0.9999999986944, "ix_ele": 1533, "state": "Alive", "direction": 1, "species": "Electron", "location": "Downstream_End", "mode_flip": false, "beta_a": 0.492033996611733, "alpha_a": 0.0220438170761989, "gamma_a": 2.03336748428133, "phi_a": 73.0775786815425, "eta_a": 0.00141518801587517, "etap_a": -0.000874102505736777, "beta_b": 0.507887722099755, "alpha_b": -0.00313504635267287, "gamma_b": 1.96895846267223, "phi_b": 60.4164699164896, "eta_b": -0.00654559523954939, "etap_b": -0.0102584807082264, "eta_x": -0.000709178246286819, "etap_x": 0.00123902212858338, "eta_y": -0.00650481178008135, "etap_y": -0.0103677417345106}