{"x": 4.96983216278525e-06, "px": 7.51586463764089e-06, "y": 2.72171772570933e-17, "py": -6.48134278587105e-18, "z": 1.85311434363105e-06, "pz": 8.58306885885983e-15, "spin": [0.0, 0.0, 0.0], "field": [0.0, 0.0], "phase": [0.0, 0.0], "s": 994.772814779842, "t": 3.31822193639317e-06, "charge": 0.0, "dt_ref": 0.0, "p0c": 9999999986.94688, "beta": 0.9999999986944, "ix_ele": 1533, "state": "Alive", "direction": 1, "species": "Electron", "location": "Downstream_End", "mode_flip": false, "beta_a": 0.591044316764082, "alpha_a": 0.2945396302851, "gamma_a": 1.83870069127535, "phi_a": 72.9251622688146, "eta_a": -0.0253116659111822, "etap_a": 0.0256960091044547, "beta_b": 0.470551914801545, "alpha_b": 0.182385974526272, "gamma_b": 2.19585684640063, "phi_b": 60.3284724918541, "eta_b": -3.82306570850789e-13, "etap_b": 6.74830947159212e-14, "eta_x": -0.0253116659111822, "etap_x": 0.0256960091044547, "eta_y": -5.52184164379294e-13, "etap_y": 9.73755733591697e-14}