{"x": -2.45998544311567e-06, "px": -1.10167425933543e-05, "y": 1.15063016780752e-06, "py": -3.66631091056632e-07, "z": -2.01309896320656e-06, "pz": 8.58306885885983e-15, "spin": [0.0, 0.0, 0.0], "field": [0.0, 0.0], "phase": [0.0, 0.0], "s": 994.772814779842, "t": 3.31822194928947e-06, "charge": 0.0, "dt_ref": 0.0, "p0c": 9999999986.94688, "beta": 0.9999999986944, "ix_ele": 1533, "state": "Alive", "direction": 1, "species": "Electron", "location": "Downstream_End", "mode_flip": false, "beta_a": 0.492033996609488, "alpha_a": 0.022043817076596, "gamma_a": 2.03336748429065, "phi_a": 73.0775786815407, "eta_a": 0.00141518801603899, "etap_a": -0.000874102505859694, "beta_b": 0.507887722101431, "alpha_b": -0.00313504635317793, "gamma_b": 1.96895846266574, "phi_b": 60.4164699164904, "eta_b": 0.00654559524022787, "etap_b": 0.0102584807080921, "eta_x": -0.000709178246323511, "etap_x": 0.00123902212874717, "eta_y": 0.00650481178074686, "etap_y": 0.0103677417343938}