{"x": -2.41171836657353e-07, "px": 1.48185330787445e-05, "y": 5.33121566358638e-18, "py": -1.36156677153656e-18, "z": 2.17009476152779e-06, "pz": 8.58306885885983e-15, "spin": [0.0, 0.0, 0.0], "field": [0.0, 0.0], "phase": [0.0, 0.0], "s": 994.772814779842, "t": 3.31822193533584e-06, "charge": 0.0, "dt_ref": 0.0, "p0c": 9999999986.94688, "beta": 0.9999999986944, "ix_ele": 1533, "state": "Alive", "direction": 1, "species": "Electron", "location": "Downstream_End", "mode_flip": false, "beta_a": 0.487487058633284, "alpha_a": 0.927552565755919, "gamma_a": 3.81621158817234, "phi_a": 72.1951766858318, "eta_a": -0.000102765088905213, "etap_a": -0.00977439062826644, "beta_b": 0.477611411572686, "alpha_b": 0.0351489791861909, "gamma_b": 2.09633904567093, "phi_b": 60.4774943627287, "eta_b": -2.68589387750944e-13, "etap_b": 4.72979895730989e-14, "eta_x": -0.000102765088905213, "etap_x": -0.00977439062826644, "eta_y": -2.78873005003303e-13, "etap_y": 4.9107526366118e-14}