{"x": 1.88256463861262e-05, "px": -1.19191607972205e-05, "y": 1.26965296812942e-16, "py": -2.31882206547122e-17, "z": 1.00448597587318e-06, "pz": 8.58306885885983e-15, "spin": [0.0, 0.0, 0.0], "field": [0.0, 0.0], "phase": [0.0, 0.0], "s": 994.772814779842, "t": 3.31822193922389e-06, "charge": 0.0, "dt_ref": 0.0, "p0c": 9999999986.94688, "beta": 0.9999999986944, "ix_ele": 1533, "state": "Alive", "direction": 1, "species": "Electron", "location": "Downstream_End", "mode_flip": false, "beta_a": 0.469607879112872, "alpha_a": 0.51377577163287, "gamma_a": 2.69153393657851, "phi_a": 72.5782161956185, "eta_a": -0.0124225690817651, "etap_a": 0.00800515879965073, "beta_b": 0.471371634868214, "alpha_b": 0.106603808229327, "gamma_b": 2.14557749579427, "phi_b": 60.404530266565, "eta_b": -6.87319639235991e-13, "etap_b": 1.21879621955452e-13, "eta_x": -0.0124225690817651, "etap_x": 0.00800515879965073, "eta_y": -8.57876497691372e-13, "etap_y": 1.51891704115202e-13}