{"x": -1.64792720620404e-05, "px": 2.31111075527905e-05, "y": 2.54192558049881e-17, "py": -4.47278065273107e-18, "z": 1.00393154088572e-06, "pz": 8.58306885885983e-15, "spin": [0.0, 0.0, 0.0], "field": [0.0, 0.0], "phase": [0.0, 0.0], "s": 994.772814779842, "t": 3.31822193922574e-06, "charge": 0.0, "dt_ref": 0.0, "p0c": 9999999986.94688, "beta": 0.9999999986944, "ix_ele": 1533, "state": "Alive", "direction": 1, "species": "Electron", "location": "Downstream_End", "mode_flip": false, "beta_a": 0.344727266697723, "alpha_a": 0.315815076688775, "gamma_a": 3.19017167745032, "phi_a": 72.6547716196363, "eta_a": 0.0106432281473073, "etap_a": -0.0153680881590814, "beta_b": 0.514122004043283, "alpha_b": -0.0661341829953693, "gamma_b": 1.95357079109944, "phi_b": 60.476416931393, "eta_b": 3.55736423671592e-13, "etap_b": -6.24216354288955e-14, "eta_x": 0.0106432281473073, "etap_x": -0.0153680881590814, "eta_y": 3.25432841718922e-13, "etap_y": -5.70889142797829e-14}