{"x": 1.64635268644557e-05, "px": -2.30891412678547e-05, "y": -6.74709385245459e-09, "py": 1.99026475315791e-09, "z": -1.01026842585026e-06, "pz": 8.58306885885983e-15, "spin": [0.0, 0.0, 0.0], "field": [0.0, 0.0], "phase": [0.0, 0.0], "s": 994.772814779842, "t": 3.31822194594439e-06, "charge": 0.0, "dt_ref": 0.0, "p0c": 9999999986.94688, "beta": 0.9999999986944, "ix_ele": 1533, "state": "Alive", "direction": 1, "species": "Electron", "location": "Downstream_End", "mode_flip": false, "beta_a": 0.499485416954336, "alpha_a": 0.000419066826700606, "gamma_a": 2.0020608043266, "phi_a": 73.0994558090605, "eta_a": 0.000301757998215969, "etap_a": 1.19751455477338e-05, "beta_b": 0.499989289785217, "alpha_b": -0.000959429913250501, "gamma_b": 2.00004468282777, "phi_b": 60.409305008997, "eta_b": -0.00486785395199068, "etap_b": 0.00161914527374622, "eta_x": 0.000302103602715228, "etap_x": 1.16585424341915e-05, "eta_y": -0.00483342813246326, "etap_y": 0.00160771503624414}